ID,Team.1.Odds,Team.2.Odds,Outcome,Prob.Team.1,Prob.Team.2,prediction,TK1,TK2
2321411,3.0000000000000027,1.3599999999999994,1,0.408,0.592,2,0.01,0.0
2342387,1.440000000000001,2.62,1,0.68,0.32,1,0.0,0.0
2338421,2.749999999999997,1.4000000000000001,2,0.476,0.524,2,0.02,0.0
2327477,2.370000000000001,1.5300000000000002,2,0.374,0.626,2,0.0,0.0
2330813,1.8300000000000003,1.8300000000000003,2,0.442,0.558,2,0.0,0.0
2331735,1.4000000000000001,2.749999999999997,1,0.762,0.238,1,0.02,0.0
2336328,4.0,1.22,2,0.252,0.748,2,0.0,0.0
2319422,1.2000000000000004,4.330000000000002,1,0.67,0.33,1,0.0,0.01
2348006,1.6599999999999995,2.1000000000000005,2,0.482,0.518,2,0.0,0.01
2314761,1.3300000000000005,3.249999999999997,2,0.462,0.538,2,0.0,0.03
2331592,2.62,1.440000000000001,2,0.3,0.7,2,0.0,0.0
2319878,1.6100000000000008,2.1999999999999975,2,0.678,0.322,1,0.02,0.0
2347993,1.3599999999999994,3.0000000000000027,1,0.888,0.112,1,0.06,0.0
2338655,1.4000000000000001,2.749999999999997,1,0.878,0.122,1,0.06,0.0
2347988,2.1000000000000005,1.6599999999999995,2,0.526,0.474,1,0.01,0.0
2321424,1.8300000000000003,1.8300000000000003,2,0.564,0.436,1,0.0,0.0
2313874,1.5699999999999992,2.250000000000002,1,0.396,0.604,2,0.0,0.03
2320953,1.4999999999999993,2.5,2,0.342,0.658,2,0.0,0.04
2328778,1.8300000000000003,1.8300000000000003,2,0.61,0.39,1,0.01,0.0
2319920,1.7200000000000009,2.0,1,0.536,0.464,1,0.0,0.0
2336642,2.749999999999997,1.4000000000000001,2,0.2874,0.7126,2,0.0,0.0
2342252,1.5300000000000002,2.370000000000001,1,0.534,0.466,1,0.0,0.01
2337136,2.0,1.7200000000000009,1,0.548,0.452,1,0.01,0.0
2336314,1.1199999999999999,5.499999999999994,1,0.596,0.404,1,0.0,0.03
2343679,1.5300000000000002,2.370000000000001,1,0.58,0.42,1,0.0,0.0
2313895,3.7499999999999956,1.25,1,0.366,0.634,2,0.01,0.0
2343930,5.0,1.1400000000000003,2,0.118,0.882,2,0.0,0.0
2333330,2.1000000000000005,1.6599999999999995,2,0.454,0.546,2,0.0,0.0
2329216,2.0,1.7200000000000009,2,0.42,0.58,2,0.0,0.0
2331970,1.4999999999999993,2.5,2,0.57,0.43,1,0.0,0.0
2320785,1.9000000000000008,1.7999999999999985,2,0.518,0.482,1,0.0,0.0
2334354,2.1999999999999975,1.6100000000000008,1,0.466,0.534,2,0.0,0.0
2346215,1.5699999999999992,2.250000000000002,1,0.544,0.456,1,0.0,0.0
2319979,2.370000000000001,1.5300000000000002,2,0.462,0.538,2,0.01,0.0
2343698,2.5,1.4999999999999993,1,0.606,0.394,1,0.03,0.0
2314413,5.0,1.1400000000000003,2,0.466,0.534,2,0.03,0.0
2345624,1.440000000000001,2.62,1,0.856,0.144,1,0.05,0.0
2346806,2.62,1.440000000000001,2,0.438,0.562,2,0.01,0.0
2336720,1.28,3.499999999999996,1,0.94,0.06,1,0.07,0.0
2342404,4.500000000000004,1.1600000000000006,2,0.108,0.892,2,0.0,0.02
2316699,2.370000000000001,1.5300000000000002,2,0.36,0.64,2,0.0,0.0
2323136,2.749999999999997,1.4000000000000001,1,0.394,0.606,2,0.0,0.0
2345307,1.22,4.0,1,0.9,0.1,1,0.04,0.0
2347935,1.5699999999999992,2.250000000000002,2,0.46,0.54,2,0.0,0.02
2332754,1.3000000000000005,3.3999999999999946,2,0.514,0.486,1,0.0,0.03
2345617,1.3599999999999994,3.0000000000000027,1,0.922,0.078,1,0.07,0.0
2314417,2.5,1.4999999999999993,1,0.39,0.61,2,0.0,0.0
2326384,1.3300000000000005,3.249999999999997,2,0.798,0.202,1,0.02,0.0
2319899,1.4999999999999993,2.5,2,0.658,0.342,1,0.0,0.0
2329728,1.1400000000000003,5.0,1,0.696,0.304,1,0.0,0.01
2328735,1.9000000000000008,1.7999999999999985,2,0.442,0.558,2,0.0,0.0
2322406,4.500000000000004,1.1600000000000006,1,0.234,0.766,2,0.0,0.0
2339380,1.1400000000000003,5.0,1,0.958,0.042,1,0.07,0.0
2326393,3.3999999999999946,1.3000000000000005,2,0.432,0.568,2,0.02,0.0
2314777,1.2000000000000004,4.330000000000002,1,0.718,0.282,1,0.0,0.01
2337358,2.370000000000001,1.5300000000000002,1,0.34,0.66,2,0.0,0.0
2347999,1.8300000000000003,1.8300000000000003,1,0.414,0.586,2,0.0,0.01
2320787,1.6100000000000008,2.1999999999999975,2,0.498,0.502,2,0.0,0.01
2346580,2.370000000000001,1.5300000000000002,2,0.4594,0.5406,2,0.01,0.0
2315253,2.62,1.440000000000001,2,0.428,0.572,2,0.01,0.0
2343187,2.62,1.440000000000001,2,0.444,0.556,2,0.01,0.0
2334727,1.4000000000000001,2.749999999999997,2,0.712,0.288,1,0.0,0.0
2320994,1.2000000000000004,4.330000000000002,1,0.698,0.302,1,0.0,0.01
2319874,1.5699999999999992,2.250000000000002,1,0.606,0.394,1,0.0,0.0
2319902,3.0000000000000027,1.3599999999999994,1,0.378,0.622,2,0.01,0.0
2326887,1.28,3.499999999999996,2,0.562,0.438,1,0.0,0.02
2340866,1.9000000000000008,1.7999999999999985,2,0.516,0.484,1,0.0,0.0
2346290,1.6599999999999995,2.1000000000000005,1,0.548,0.452,1,0.0,0.0
2340903,1.2000000000000004,4.330000000000002,1,0.938,0.062,1,0.06,0.0
2317012,3.249999999999997,1.3300000000000005,2,0.34,0.66,2,0.0,0.0
2313941,1.5300000000000002,2.370000000000001,1,0.66,0.34,1,0.0,0.0
2315613,2.749999999999997,1.4000000000000001,2,0.352,0.648,2,0.0,0.0
2337130,2.250000000000002,1.5699999999999992,2,0.402,0.598,2,0.0,0.0
2338370,1.5699999999999992,2.250000000000002,2,0.532,0.468,1,0.0,0.0
2330436,1.2000000000000004,4.330000000000002,1,0.7,0.3,1,0.0,0.01
2319944,1.22,4.0,1,0.656,0.344,1,0.0,0.01
2341132,1.4000000000000001,2.749999999999997,1,0.864,0.136,1,0.05,0.0
2313888,1.1600000000000006,4.500000000000004,1,0.494,0.506,2,0.0,0.04
2329650,3.249999999999997,1.3300000000000005,2,0.304,0.696,2,0.0,0.0
2323027,1.6599999999999995,2.1000000000000005,2,0.444,0.556,2,0.0,0.02
2337656,1.4000000000000001,2.749999999999997,1,0.632,0.368,1,0.0,0.0
2347023,1.6599999999999995,2.1000000000000005,2,0.468,0.532,2,0.0,0.01
2340851,1.5300000000000002,2.370000000000001,2,0.508,0.492,1,0.0,0.01
2317652,3.499999999999996,1.28,1,0.434,0.566,2,0.02,0.0
2333390,1.2000000000000004,4.330000000000002,1,0.702,0.298,1,0.0,0.01
2346336,3.7499999999999956,1.25,1,0.434,0.566,2,0.02,0.0
2346937,1.3300000000000005,3.249999999999997,1,0.908,0.092,1,0.06,0.0
2317276,1.3000000000000005,3.3999999999999946,2,0.562,0.438,1,0.0,0.02
2340293,3.249999999999997,1.3300000000000005,2,0.422,0.578,2,0.02,0.0
2314031,1.6100000000000008,2.1999999999999975,1,0.564,0.436,1,0.0,0.0
2343663,1.6599999999999995,2.1000000000000005,1,0.564,0.436,1,0.0,0.0
2324632,1.8300000000000003,1.8300000000000003,1,0.364,0.636,2,0.0,0.02
2314955,1.3000000000000005,3.3999999999999946,1,0.5,0.5,1,0.0,0.03
2337461,1.3599999999999994,3.0000000000000027,1,0.558,0.442,1,0.0,0.02
2316939,2.370000000000001,1.5300000000000002,1,0.472,0.528,2,0.01,0.0
2341136,1.9000000000000008,1.7999999999999985,1,0.548,0.452,1,0.0,0.0
2331584,1.6100000000000008,2.1999999999999975,2,0.518,0.482,1,0.0,0.01
2346587,2.250000000000002,1.5699999999999992,2,0.43,0.57,2,0.0,0.0
2342389,1.8300000000000003,1.8300000000000003,2,0.584,0.416,1,0.01,0.0
2337387,1.1600000000000006,4.500000000000004,1,0.822,0.178,1,0.0,0.0
2327145,2.5,1.4999999999999993,2,0.654,0.346,1,0.04,0.0
2337441,4.500000000000004,1.1600000000000006,2,0.12,0.88,2,0.0,0.01
2345613,1.5300000000000002,2.370000000000001,1,0.738,0.262,1,0.02,0.0
2339384,2.1999999999999975,1.6100000000000008,1,0.624,0.376,1,0.03,0.0
2319980,2.1999999999999975,1.6100000000000008,2,0.354,0.646,2,0.0,0.01
2341967,2.250000000000002,1.5699999999999992,2,0.48,0.52,2,0.01,0.0
2331597,1.25,3.7499999999999956,1,0.858,0.142,1,0.03,0.0
2338065,1.3599999999999994,3.0000000000000027,1,0.886,0.114,1,0.06,0.0
2336442,2.370000000000001,1.5300000000000002,1,0.42,0.58,2,0.0,0.0
2328499,1.4000000000000001,2.749999999999997,1,0.83,0.17,1,0.04,0.0
2326415,1.3300000000000005,3.249999999999997,1,0.438,0.562,2,0.0,0.04
2331903,2.62,1.440000000000001,2,0.372,0.628,2,0.0,0.0
2333429,2.749999999999997,1.4000000000000001,1,0.424,0.576,2,0.01,0.0
2329319,1.7999999999999985,1.9000000000000008,1,0.55,0.45,1,0.0,0.0
2341698,1.7999999999999985,1.9000000000000008,1,0.588,0.412,1,0.01,0.0
2315937,3.3999999999999946,1.3000000000000005,2,0.478,0.522,2,0.03,0.0
2314476,2.370000000000001,1.5300000000000002,2,0.486,0.514,2,0.01,0.0
2337178,4.0,1.22,2,0.248,0.752,2,0.0,0.0
2315704,1.5300000000000002,2.370000000000001,1,0.424,0.576,2,0.0,0.03
2333131,1.4000000000000001,2.749999999999997,2,0.386,0.614,2,0.0,0.04
2331805,1.7200000000000009,2.0,1,0.536,0.464,1,0.0,0.0
2333175,1.3599999999999994,3.0000000000000027,1,0.588,0.412,1,0.0,0.01
2330345,4.330000000000002,1.2000000000000004,2,0.294,0.706,2,0.01,0.0
2346386,1.25,3.7499999999999956,1,0.932,0.068,1,0.07,0.0
2319872,2.250000000000002,1.5699999999999992,1,0.466,0.534,2,0.0,0.0
2319994,3.499999999999996,1.28,1,0.166,0.834,2,0.0,0.02
2340741,1.440000000000001,2.62,1,0.774,0.226,1,0.03,0.0
2341044,1.6599999999999995,2.1000000000000005,2,0.478,0.522,2,0.0,0.01
2323164,1.25,3.7499999999999956,1,0.922,0.078,1,0.06,0.0
2338246,2.0,1.7200000000000009,1,0.532,0.468,1,0.01,0.0
2342191,1.1400000000000003,5.0,1,0.86,0.14,1,0.0,0.0
2339359,2.0,1.7200000000000009,1,0.468,0.532,2,0.0,0.0
2313842,1.5699999999999992,2.250000000000002,1,0.486,0.514,2,0.0,0.01
2332774,1.4999999999999993,2.5,2,0.554,0.446,1,0.0,0.01
2340420,1.5300000000000002,2.370000000000001,1,0.61,0.39,1,0.0,0.0
2324344,1.5699999999999992,2.250000000000002,2,0.384,0.616,2,0.0,0.03
2345735,3.0000000000000027,1.3599999999999994,2,0.306,0.694,2,0.0,0.0
2340403,1.8300000000000003,1.8300000000000003,2,0.456,0.544,2,0.0,0.0
2319995,1.440000000000001,2.62,2,0.638,0.362,1,0.0,0.0
2334592,1.1,6.499999999999994,1,0.944,0.056,1,0.04,0.0
2336954,1.4999999999999993,2.5,1,0.712,0.288,1,0.01,0.0
2345801,1.1400000000000003,5.0,1,0.824,0.176,1,0.0,0.0
2316536,3.7499999999999956,1.25,1,0.284,0.716,2,0.0,0.0
2313972,3.249999999999997,1.3300000000000005,2,0.418,0.582,2,0.02,0.0
2338295,2.0,1.7200000000000009,2,0.4,0.6,2,0.0,0.0
2323131,2.1999999999999975,1.6100000000000008,2,0.452,0.548,2,0.0,0.0
2337128,1.4000000000000001,2.749999999999997,1,0.824,0.176,1,0.04,0.0
2343641,2.0,1.7200000000000009,2,0.38939999999999997,0.6106,2,0.0,0.01
2327121,2.5,1.4999999999999993,2,0.446,0.554,2,0.01,0.0
2348171,3.0000000000000027,1.3599999999999994,2,0.228,0.772,2,0.0,0.01
2324124,1.6599999999999995,2.1000000000000005,1,0.546,0.454,1,0.0,0.0
2316380,1.7200000000000009,2.0,1,0.534,0.466,1,0.0,0.0
2344727,2.1000000000000005,1.6599999999999995,2,0.476,0.524,2,0.0,0.0
2329742,1.5300000000000002,2.370000000000001,1,0.738,0.262,1,0.02,0.0
2327790,1.6100000000000008,2.1999999999999975,1,0.574,0.426,1,0.0,0.0
2319072,2.250000000000002,1.5699999999999992,1,0.412,0.588,2,0.0,0.0
2319849,2.62,1.440000000000001,1,0.18,0.82,2,0.0,0.04
2318622,2.1999999999999975,1.6100000000000008,1,0.552,0.448,1,0.02,0.0
2322416,1.8300000000000003,1.8300000000000003,2,0.686,0.314,1,0.03,0.0
2314054,3.3999999999999946,1.3000000000000005,1,0.286,0.714,2,0.0,0.0
2336444,6.499999999999994,1.1,2,0.212,0.788,2,0.01,0.0
2343607,1.5699999999999992,2.250000000000002,2,0.466,0.534,2,0.0,0.02
2322009,1.3300000000000005,3.249999999999997,1,0.828,0.172,1,0.03,0.0
2325915,1.7200000000000009,2.0,1,0.492,0.508,2,0.0,0.0
2318550,1.9000000000000008,1.7999999999999985,2,0.608,0.392,1,0.02,0.0
2332194,2.62,1.440000000000001,2,0.402,0.598,2,0.0,0.0
2336686,2.1000000000000005,1.6599999999999995,2,0.4,0.6,2,0.0,0.0
2339364,1.5300000000000002,2.370000000000001,1,0.362,0.638,2,0.0,0.04
2346954,1.5300000000000002,2.370000000000001,1,0.718,0.282,1,0.02,0.0
2343687,1.3300000000000005,3.249999999999997,1,0.774,0.226,1,0.01,0.0
2335619,2.250000000000002,1.5699999999999992,1,0.378,0.622,2,0.0,0.0
2314371,1.6100000000000008,2.1999999999999975,1,0.506,0.494,1,0.0,0.01
2338658,2.62,1.440000000000001,2,0.262,0.738,2,0.0,0.01
2316580,4.0,1.22,2,0.26,0.74,2,0.0,0.0
2341718,2.62,1.440000000000001,2,0.268,0.732,2,0.0,0.01
2317272,2.1999999999999975,1.6100000000000008,1,0.522,0.478,1,0.01,0.0
2331065,1.5699999999999992,2.250000000000002,1,0.604,0.396,1,0.0,0.0
2335528,1.3300000000000005,3.249999999999997,1,0.492,0.508,2,0.0,0.03
2346328,1.1,6.499999999999994,2,0.404,0.596,2,0.0,0.05
2320989,2.0,1.7200000000000009,1,0.534,0.466,1,0.01,0.0
2345604,2.0,1.7200000000000009,2,0.536,0.464,1,0.01,0.0
2327361,1.5300000000000002,2.370000000000001,1,0.53,0.47,1,0.0,0.01
2336704,1.2000000000000004,4.330000000000002,1,0.946,0.054,1,0.07,0.0
2328239,2.62,1.440000000000001,2,0.43,0.57,2,0.01,0.0
2317295,1.3000000000000005,3.3999999999999946,2,0.59,0.41,1,0.0,0.02
2314007,1.4999999999999993,2.5,1,0.638,0.362,1,0.0,0.0
2314502,2.1000000000000005,1.6599999999999995,1,0.374,0.626,2,0.0,0.01
2315755,2.62,1.440000000000001,2,0.358,0.642,2,0.0,0.0
2340649,1.22,4.0,1,0.952,0.048,1,0.07,0.0
2331080,3.499999999999996,1.28,2,0.248,0.752,2,0.0,0.0
2321418,2.0,1.7200000000000009,1,0.418,0.582,2,0.0,0.0
2313891,2.0,1.7200000000000009,1,0.392,0.608,2,0.0,0.01
2344192,1.28,3.499999999999996,1,0.7,0.3,1,0.0,0.0
2329218,1.3599999999999994,3.0000000000000027,1,0.71,0.29,1,0.0,0.0
2342190,1.08,6.999999999999992,1,0.662,0.338,1,0.0,0.02
2336329,1.28,3.499999999999996,1,0.782,0.218,1,0.0,0.0
2342125,1.4000000000000001,2.749999999999997,2,0.466,0.534,2,0.0,0.03
2326374,2.1000000000000005,1.6599999999999995,2,0.45,0.55,2,0.0,0.0
2340384,2.250000000000002,1.5699999999999992,2,0.434,0.566,2,0.0,0.0
2317632,1.3599999999999994,3.0000000000000027,1,0.596,0.404,1,0.0,0.01
2322805,3.3999999999999946,1.3000000000000005,1,0.372,0.628,2,0.01,0.0
2326426,2.370000000000001,1.5300000000000002,2,0.3205,0.6795,2,0.0,0.01
2337826,1.6599999999999995,2.1000000000000005,1,0.548,0.452,1,0.0,0.0
2332195,1.1199999999999999,5.499999999999994,1,0.966,0.034,1,0.07,0.0
2342376,1.1600000000000006,4.500000000000004,1,0.926,0.074,1,0.05,0.0
2319509,1.3300000000000005,3.249999999999997,2,0.672,0.328,1,0.0,0.0
2333296,1.7200000000000009,2.0,1,0.468,0.532,2,0.0,0.01
2330344,1.25,3.7499999999999956,1,0.838,0.162,1,0.02,0.0
2313951,2.1000000000000005,1.6599999999999995,2,0.342,0.658,2,0.0,0.01
2319452,1.5699999999999992,2.250000000000002,1,0.74,0.26,1,0.03,0.0
2322550,1.25,3.7499999999999956,1,0.582,0.418,1,0.0,0.02
2319881,3.499999999999996,1.28,1,0.412,0.588,2,0.02,0.0
2339383,1.5300000000000002,2.370000000000001,2,0.56,0.44,1,0.0,0.0
2345620,2.250000000000002,1.5699999999999992,1,0.294,0.706,2,0.0,0.02
2319897,1.6599999999999995,2.1000000000000005,2,0.58,0.42,1,0.0,0.0
2343778,1.440000000000001,2.62,1,0.64,0.36,1,0.0,0.0
2316381,2.0,1.7200000000000009,1,0.444,0.556,2,0.0,0.0
2319956,1.7999999999999985,1.9000000000000008,2,0.628,0.372,1,0.02,0.0
2344826,1.6599999999999995,2.1000000000000005,1,0.626,0.374,1,0.01,0.0
2323141,2.749999999999997,1.4000000000000001,2,0.336,0.664,2,0.0,0.0
2342367,2.0,1.7200000000000009,2,0.464,0.536,2,0.0,0.0
2314778,4.330000000000002,1.2000000000000004,1,0.384,0.616,2,0.02,0.0
2334621,1.440000000000001,2.62,1,0.64,0.36,1,0.0,0.0
2319437,1.3300000000000005,3.249999999999997,2,0.598,0.402,1,0.0,0.01
2340410,3.3999999999999946,1.3000000000000005,1,0.408,0.592,2,0.02,0.0
2330825,2.250000000000002,1.5699999999999992,1,0.394,0.606,2,0.0,0.0
2337102,1.25,3.7499999999999956,2,0.576,0.424,1,0.0,0.02
2332495,1.1,6.499999999999994,1,0.914,0.086,1,0.01,0.0
2327710,1.22,4.0,2,0.736,0.264,1,0.0,0.0
2313929,2.370000000000001,1.5300000000000002,2,0.348,0.652,2,0.0,0.0
2319879,2.370000000000001,1.5300000000000002,2,0.39,0.61,2,0.0,0.0
2329214,1.1,6.499999999999994,1,0.5519459459459459,0.4480540540540541,1,0.0,0.03
2344707,1.5300000000000002,2.370000000000001,1,0.728,0.272,1,0.02,0.0
2317599,1.8300000000000003,1.8300000000000003,1,0.42,0.58,2,0.0,0.01
2316289,1.3599999999999994,3.0000000000000027,1,0.542,0.458,1,0.0,0.02
2318594,2.0,1.7200000000000009,2,0.596,0.404,1,0.02,0.0
2321793,1.3000000000000005,3.3999999999999946,1,0.58,0.42,1,0.0,0.02
2328428,1.3000000000000005,3.3999999999999946,1,0.866,0.134,1,0.04,0.0
2331708,3.7499999999999956,1.25,2,0.194,0.806,2,0.0,0.0
2317453,1.6100000000000008,2.1999999999999975,1,0.474,0.526,2,0.0,0.01
2313856,2.1000000000000005,1.6599999999999995,2,0.438,0.562,2,0.0,0.0
2313942,2.370000000000001,1.5300000000000002,2,0.396,0.604,2,0.0,0.0
2328412,7.500000000000019,1.0700000000000007,2,0.164,0.836,2,0.0,0.0
2340645,2.0,1.7200000000000009,1,0.474,0.526,2,0.0,0.0
2327472,1.1600000000000006,4.500000000000004,1,0.772,0.228,1,0.0,0.0
2334608,2.749999999999997,1.4000000000000001,2,0.218,0.782,2,0.0,0.02
2347936,3.249999999999997,1.3300000000000005,1,0.544,0.456,1,0.03,0.0
2324337,1.4000000000000001,2.749999999999997,1,0.372,0.628,2,0.0,0.04
2321814,1.9000000000000008,1.7999999999999985,1,0.266,0.734,2,0.0,0.04
2322777,2.0,1.7200000000000009,1,0.628,0.372,1,0.03,0.0
2316146,1.4999999999999993,2.5,1,0.498,0.502,2,0.0,0.02
2327843,2.1999999999999975,1.6100000000000008,1,0.406,0.594,2,0.0,0.0
2330346,1.9000000000000008,1.7999999999999985,2,0.33,0.67,2,0.0,0.03
2322815,1.4999999999999993,2.5,1,0.518,0.482,1,0.0,0.01
2338369,1.8300000000000003,1.8300000000000003,1,0.468,0.532,2,0.0,0.0
2316387,2.5,1.4999999999999993,2,0.464,0.536,2,0.01,0.0
2335492,1.7200000000000009,2.0,2,0.622,0.378,1,0.01,0.0
2317642,1.440000000000001,2.62,2,0.502,0.498,1,0.0,0.02
2336322,2.749999999999997,1.4000000000000001,2,0.374,0.626,2,0.0,0.0
2331058,1.6100000000000008,2.1999999999999975,1,0.446,0.554,2,0.0,0.02
2344407,1.5300000000000002,2.370000000000001,2,0.48,0.52,2,0.0,0.02
2316931,3.249999999999997,1.3300000000000005,1,0.474,0.526,2,0.02,0.0
2318180,2.5,1.4999999999999993,2,0.338,0.662,2,0.0,0.0
2339152,2.250000000000002,1.5699999999999992,1,0.436,0.564,2,0.0,0.0
2334336,1.7200000000000009,2.0,1,0.436,0.564,2,0.0,0.01
2314023,3.249999999999997,1.3300000000000005,2,0.442,0.558,2,0.02,0.0
2342189,1.08,6.999999999999992,2,0.582,0.418,1,0.0,0.03
2345228,1.0600000000000003,8.0,2,0.532,0.468,1,0.0,0.04
2344440,1.5699999999999992,2.250000000000002,1,0.856,0.144,1,0.06,0.0
2336859,1.4999999999999993,2.5,2,0.526,0.474,1,0.0,0.01
2345214,2.0,1.7200000000000009,2,0.49,0.51,2,0.0,0.0
2330824,1.3300000000000005,3.249999999999997,1,0.88,0.12,1,0.05,0.0
2317572,2.0,1.7200000000000009,2,0.458,0.542,2,0.0,0.0
2334816,1.1600000000000006,4.500000000000004,1,0.878,0.122,1,0.01,0.0
2338429,1.440000000000001,2.62,1,0.556,0.444,1,0.0,0.01
2327473,1.4999999999999993,2.5,2,0.588,0.412,1,0.0,0.0
2340743,1.7200000000000009,2.0,2,0.426,0.574,2,0.0,0.01
2321300,1.4000000000000001,2.749999999999997,1,0.76,0.24,1,0.02,0.0
2321674,1.3599999999999994,3.0000000000000027,1,0.598,0.402,1,0.0,0.01
2345212,4.0,1.22,2,0.222,0.778,2,0.0,0.0
2331591,1.3000000000000005,3.3999999999999946,1,0.894,0.106,1,0.05,0.0
2319663,1.22,4.0,1,0.804,0.196,1,0.0,0.0
2336443,1.5300000000000002,2.370000000000001,2,0.718,0.282,1,0.02,0.0
2317120,4.500000000000004,1.1600000000000006,2,0.3,0.7,2,0.01,0.0
2316798,1.7999999999999985,1.9000000000000008,2,0.658,0.342,1,0.02,0.0
2336862,2.370000000000001,1.5300000000000002,2,0.47,0.53,2,0.01,0.0
2334884,1.5699999999999992,2.250000000000002,2,0.498,0.502,2,0.0,0.01
2322022,1.4000000000000001,2.749999999999997,1,0.522,0.478,1,0.0,0.02
2346214,1.8300000000000003,1.8300000000000003,1,0.404,0.596,2,0.0,0.01
2316693,1.8300000000000003,1.8300000000000003,1,0.578,0.422,1,0.01,0.0
2343943,3.3999999999999946,1.3000000000000005,2,0.136,0.864,2,0.0,0.04
2334920,2.5,1.4999999999999993,2,0.51,0.49,1,0.02,0.0
2324768,1.440000000000001,2.62,1,0.658,0.342,1,0.0,0.0
2327388,1.3599999999999994,3.0000000000000027,1,0.836,0.164,1,0.04,0.0
2332308,1.0400000000000005,9.000000000000009,1,0.8,0.2,1,0.0,0.01
2337318,1.6599999999999995,2.1000000000000005,1,0.48,0.52,2,0.0,0.01
2346912,2.5,1.4999999999999993,1,0.382,0.618,2,0.0,0.0
2319896,1.6599999999999995,2.1000000000000005,1,0.564,0.436,1,0.0,0.0
2347753,2.370000000000001,1.5300000000000002,1,0.214,0.786,2,0.0,0.04
2317935,1.3599999999999994,3.0000000000000027,1,0.8,0.2,1,0.02,0.0
2321944,2.1000000000000005,1.6599999999999995,2,0.566,0.434,1,0.02,0.0
2314425,1.28,3.499999999999996,1,0.73,0.27,1,0.0,0.0
2334861,1.5300000000000002,2.370000000000001,1,0.39,0.61,2,0.0,0.03
2329716,1.3599999999999994,3.0000000000000027,1,0.77,0.23,1,0.01,0.0
2317650,1.3000000000000005,3.3999999999999946,2,0.674,0.326,1,0.0,0.0
2328730,1.6100000000000008,2.1999999999999975,1,0.488,0.512,2,0.0,0.01
2343712,1.6100000000000008,2.1999999999999975,2,0.444,0.556,2,0.0,0.02
2343670,1.25,3.7499999999999956,1,0.892,0.108,1,0.05,0.0
2315697,1.3300000000000005,3.249999999999997,1,0.728,0.272,1,0.0,0.0
2319559,1.28,3.499999999999996,1,0.862,0.138,1,0.04,0.0
2333282,1.28,3.499999999999996,1,0.732,0.268,1,0.0,0.0
2329499,1.25,3.7499999999999956,1,0.492,0.508,2,0.0,0.03
2347485,1.5699999999999992,2.250000000000002,1,0.7819459459459459,0.21805405405405406,1,0.04,0.0
2327584,2.749999999999997,1.4000000000000001,2,0.502,0.498,1,0.02,0.0
2336710,1.1199999999999999,5.499999999999994,1,0.904,0.096,1,0.01,0.0
2319919,1.7200000000000009,2.0,1,0.472,0.528,2,0.0,0.01
2318606,3.0000000000000027,1.3599999999999994,2,0.366,0.634,2,0.0,0.0
2345211,3.499999999999996,1.28,2,0.302,0.698,2,0.0,0.0
2327427,4.500000000000004,1.1600000000000006,2,0.144,0.856,2,0.0,0.0
2313981,1.7999999999999985,1.9000000000000008,2,0.634,0.366,1,0.02,0.0
2331047,1.25,3.7499999999999956,1,0.472,0.528,2,0.0,0.04
2345727,1.2000000000000004,4.330000000000002,1,0.842,0.158,1,0.01,0.0
2336725,1.0600000000000003,8.0,1,0.95,0.05,1,0.01,0.0
2326198,3.3999999999999946,1.3000000000000005,2,0.198,0.802,2,0.0,0.01
2328424,1.6100000000000008,2.1999999999999975,1,0.512,0.488,1,0.0,0.01
2346918,1.7200000000000009,2.0,2,0.508,0.492,1,0.0,0.0
2343647,1.7200000000000009,2.0,2,0.362,0.638,2,0.0,0.03
2313919,1.4999999999999993,2.5,1,0.55,0.45,1,0.0,0.01
2315935,3.249999999999997,1.3300000000000005,2,0.2,0.8,2,0.0,0.02
2327132,3.0000000000000027,1.3599999999999994,2,0.288,0.712,2,0.0,0.0
2327367,1.4999999999999993,2.5,1,0.526,0.474,1,0.0,0.01
2322020,1.7200000000000009,2.0,1,0.662,0.338,1,0.02,0.0
2320058,3.0000000000000027,1.3599999999999994,2,0.326,0.674,2,0.0,0.0
2314420,1.08,6.999999999999992,1,0.6,0.4,1,0.0,0.03
2340549,1.28,3.499999999999996,1,0.682,0.318,1,0.0,0.0
2340640,1.3599999999999994,3.0000000000000027,1,0.91,0.09,1,0.07,0.0
2341682,1.6100000000000008,2.1999999999999975,1,0.592,0.408,1,0.0,0.0
2326843,6.999999999999992,1.08,2,0.166,0.834,2,0.0,0.0
2345731,1.440000000000001,2.62,1,0.836,0.164,1,0.05,0.0
2341601,1.7999999999999985,1.9000000000000008,1,0.414,0.586,2,0.0,0.01
2314759,2.0,1.7200000000000009,2,0.466,0.534,2,0.0,0.0
2345206,2.1000000000000005,1.6599999999999995,1,0.34,0.66,2,0.0,0.01
2323798,2.250000000000002,1.5699999999999992,2,0.384,0.616,2,0.0,0.0
2332063,2.370000000000001,1.5300000000000002,1,0.396,0.604,2,0.0,0.0
2331064,1.1400000000000003,5.0,2,0.574,0.426,1,0.0,0.03
2315617,2.370000000000001,1.5300000000000002,1,0.448,0.552,2,0.0,0.0
2340881,1.2000000000000004,4.330000000000002,2,0.41,0.59,2,0.0,0.05
2332071,2.0,1.7200000000000009,1,0.45,0.55,2,0.0,0.0
2316782,1.8300000000000003,1.8300000000000003,2,0.45,0.55,2,0.0,0.0
2314004,3.0000000000000027,1.3599999999999994,2,0.446,0.554,2,0.02,0.0
2336713,1.3599999999999994,3.0000000000000027,1,0.756,0.244,1,0.01,0.0
2334934,1.28,3.499999999999996,1,0.902,0.098,1,0.06,0.0
2328427,3.3999999999999946,1.3000000000000005,2,0.466,0.534,2,0.02,0.0
2313992,2.250000000000002,1.5699999999999992,2,0.454,0.546,2,0.0,0.0
2331670,2.1000000000000005,1.6599999999999995,1,0.39,0.61,2,0.0,0.0
2319599,4.330000000000002,1.2000000000000004,2,0.308,0.692,2,0.01,0.0
2329915,2.1000000000000005,1.6599999999999995,2,0.472,0.528,2,0.0,0.0
2346924,1.5699999999999992,2.250000000000002,2,0.546,0.454,1,0.0,0.0
2348009,1.7200000000000009,2.0,1,0.488,0.512,2,0.0,0.0
2346906,1.3599999999999994,3.0000000000000027,2,0.386,0.614,2,0.0,0.04
2317633,2.1999999999999975,1.6100000000000008,2,0.402,0.598,2,0.0,0.0
2343710,1.5300000000000002,2.370000000000001,2,0.738,0.262,1,0.02,0.0
2316080,4.330000000000002,1.2000000000000004,2,0.186,0.814,2,0.0,0.0
2314006,1.7999999999999985,1.9000000000000008,1,0.514,0.486,1,0.0,0.0
2335646,1.5300000000000002,2.370000000000001,1,0.504,0.496,1,0.0,0.01
2323794,2.0,1.7200000000000009,2,0.582,0.418,1,0.02,0.0
2335614,1.4000000000000001,2.749999999999997,1,0.476,0.524,2,0.0,0.03
2329075,2.250000000000002,1.5699999999999992,1,0.424,0.576,2,0.0,0.0
2343713,1.3599999999999994,3.0000000000000027,2,0.434,0.566,2,0.0,0.03
2338356,1.22,4.0,1,0.806,0.194,1,0.0,0.0
2346921,1.5300000000000002,2.370000000000001,1,0.74,0.26,1,0.02,0.0
2339160,2.749999999999997,1.4000000000000001,2,0.454,0.546,2,0.01,0.0
2344448,1.25,3.7499999999999956,1,0.97,0.03,1,0.08,0.0
2318810,1.1400000000000003,5.0,1,0.728,0.272,1,0.0,0.01
2313866,1.4999999999999993,2.5,1,0.576,0.424,1,0.0,0.0
2329674,1.7200000000000009,2.0,1,0.376,0.624,2,0.0,0.02
2337202,1.1600000000000006,4.500000000000004,1,0.95,0.05,1,0.06,0.0
2334329,1.3300000000000005,3.249999999999997,1,0.942,0.058,1,0.08,0.0
2323118,2.62,1.440000000000001,1,0.514,0.486,1,0.02,0.0
2333379,1.25,3.7499999999999956,1,0.578,0.422,1,0.0,0.02
2343630,2.5,1.4999999999999993,2,0.334,0.666,2,0.0,0.0
2327626,3.249999999999997,1.3300000000000005,1,0.442,0.558,2,0.02,0.0
2345741,1.3599999999999994,3.0000000000000027,1,0.86,0.14,1,0.05,0.0
2321091,1.22,4.0,1,0.56,0.44,1,0.0,0.03
2313994,1.6599999999999995,2.1000000000000005,2,0.54,0.46,1,0.0,0.0
2322407,1.25,3.7499999999999956,2,0.768,0.232,1,0.0,0.0
2318983,3.3999999999999946,1.3000000000000005,1,0.3305,0.6695,2,0.01,0.0
2327136,2.1999999999999975,1.6100000000000008,2,0.46,0.54,2,0.0,0.0
2316377,2.62,1.440000000000001,2,0.404,0.596,2,0.0,0.0
2319458,1.6100000000000008,2.1999999999999975,1,0.464,0.536,2,0.0,0.01
2342416,2.62,1.440000000000001,2,0.434,0.566,2,0.01,0.0
2316492,3.3999999999999946,1.3000000000000005,2,0.48,0.52,2,0.03,0.0
2327115,2.1000000000000005,1.6599999999999995,2,0.322,0.678,2,0.0,0.02
2335649,1.7200000000000009,2.0,1,0.584,0.416,1,0.0,0.0
2342096,2.0,1.7200000000000009,1,0.2834,0.7166,2,0.0,0.03
2326844,3.7499999999999956,1.25,2,0.29,0.71,2,0.0,0.0
2319206,1.4999999999999993,2.5,2,0.518,0.482,1,0.0,0.01
2338654,1.3000000000000005,3.3999999999999946,2,0.41,0.59,2,0.0,0.04
2319937,1.440000000000001,2.62,2,0.628,0.372,1,0.0,0.0
2338416,1.9000000000000008,1.7999999999999985,1,0.492,0.508,2,0.0,0.0
2343699,1.5300000000000002,2.370000000000001,1,0.616,0.384,1,0.0,0.0
2317277,1.22,4.0,1,0.826,0.174,1,0.0,0.0
2325926,2.0,1.7200000000000009,2,0.542,0.458,1,0.01,0.0
2331583,1.9000000000000008,1.7999999999999985,2,0.446,0.554,2,0.0,0.0
2319138,1.5699999999999992,2.250000000000002,1,0.512,0.488,1,0.0,0.01
2321415,2.1000000000000005,1.6599999999999995,2,0.386,0.614,2,0.0,0.0
2327140,1.4000000000000001,2.749999999999997,1,0.818,0.182,1,0.04,0.0
2321299,1.8300000000000003,1.8300000000000003,2,0.322,0.678,2,0.0,0.03
2321579,1.08,6.999999999999992,1,0.728,0.272,1,0.0,0.02
2341151,2.370000000000001,1.5300000000000002,1,0.408,0.592,2,0.0,0.0
2339356,2.1000000000000005,1.6599999999999995,2,0.434,0.566,2,0.0,0.0
2346910,4.330000000000002,1.2000000000000004,2,0.206,0.794,2,0.0,0.0
2323130,2.1999999999999975,1.6100000000000008,1,0.518,0.482,1,0.01,0.0
2322232,1.8300000000000003,1.8300000000000003,2,0.502,0.498,1,0.0,0.0
2315049,2.749999999999997,1.4000000000000001,2,0.318,0.682,2,0.0,0.0
2338638,1.440000000000001,2.62,2,0.63,0.37,1,0.0,0.0
2314548,1.25,3.7499999999999956,1,0.928,0.072,1,0.06,0.0
2321657,2.0,1.7200000000000009,2,0.382,0.618,2,0.0,0.01
2326378,2.370000000000001,1.5300000000000002,2,0.216,0.784,2,0.0,0.04
2327259,1.5699999999999992,2.250000000000002,1,0.5,0.5,1,0.0,0.01
2327382,1.5699999999999992,2.250000000000002,1,0.466,0.534,2,0.0,0.02
2333227,2.0,1.7200000000000009,2,0.486,0.514,2,0.0,0.0
2313965,1.8300000000000003,1.8300000000000003,2,0.51,0.49,1,0.0,0.0
2319668,1.7200000000000009,2.0,2,0.696,0.304,1,0.03,0.0
2336980,1.5300000000000002,2.370000000000001,2,0.444,0.556,2,0.0,0.02
2317118,2.62,1.440000000000001,1,0.474,0.526,2,0.01,0.0
2336326,1.7200000000000009,2.0,2,0.446,0.554,2,0.0,0.01
2327510,1.4999999999999993,2.5,2,0.774,0.226,1,0.03,0.0
2316774,2.0,1.7200000000000009,1,0.506,0.494,1,0.0,0.0
2338071,1.7200000000000009,2.0,2,0.386,0.614,2,0.0,0.02
2346583,3.0000000000000027,1.3599999999999994,1,0.542,0.458,1,0.03,0.0
2338056,1.3599999999999994,3.0000000000000027,1,0.646,0.354,1,0.0,0.0
2337532,1.5300000000000002,2.370000000000001,2,0.456,0.544,2,0.0,0.02
2332087,1.6599999999999995,2.1000000000000005,1,0.656,0.344,1,0.01,0.0
2314779,1.8300000000000003,1.8300000000000003,2,0.432,0.568,2,0.0,0.0
2320062,2.0,1.7200000000000009,2,0.576,0.424,1,0.02,0.0
2329712,1.4999999999999993,2.5,2,0.588,0.412,1,0.0,0.0
2319893,1.3599999999999994,3.0000000000000027,2,0.772,0.228,1,0.01,0.0
2345308,1.6599999999999995,2.1000000000000005,2,0.518,0.482,1,0.0,0.0
2345852,1.1400000000000003,5.0,1,0.95,0.05,1,0.06,0.0
2331961,1.5300000000000002,2.370000000000001,1,0.442,0.558,2,0.0,0.02
2326413,3.249999999999997,1.3300000000000005,2,0.228,0.772,2,0.0,0.01
2319889,1.3000000000000005,3.3999999999999946,1,0.664,0.336,1,0.0,0.01
2317451,1.2000000000000004,4.330000000000002,1,0.91,0.09,1,0.05,0.0
2329051,1.2000000000000004,4.330000000000002,2,0.632,0.368,1,0.0,0.02
2319460,2.0,1.7200000000000009,2,0.628,0.372,1,0.03,0.0
2343152,1.28,3.499999999999996,1,0.972,0.028,1,0.09,0.0
2328070,1.7999999999999985,1.9000000000000008,1,0.394,0.606,2,0.0,0.02
2346908,1.4000000000000001,2.749999999999997,1,0.562,0.438,1,0.0,0.01
2319440,2.250000000000002,1.5699999999999992,1,0.492,0.508,2,0.01,0.0
2318863,1.1600000000000006,4.500000000000004,1,0.9,0.1,1,0.03,0.0
2315731,1.28,3.499999999999996,1,0.816,0.184,1,0.02,0.0
2340864,9.000000000000009,1.0400000000000005,2,0.176,0.824,2,0.01,0.0
2319528,1.4999999999999993,2.5,1,0.716,0.284,1,0.01,0.0
2347487,1.3300000000000005,3.249999999999997,2,0.752,0.248,1,0.0,0.0
2316585,1.3300000000000005,3.249999999999997,2,0.444,0.556,2,0.0,0.04
2316692,3.3999999999999946,1.3000000000000005,2,0.23,0.77,2,0.0,0.0
2333359,1.440000000000001,2.62,2,0.684,0.316,1,0.0,0.0
2319606,4.330000000000002,1.2000000000000004,1,0.148,0.852,2,0.0,0.01
2327123,1.6100000000000008,2.1999999999999975,2,0.48,0.52,2,0.0,0.01
2331048,1.3599999999999994,3.0000000000000027,2,0.676,0.324,1,0.0,0.0
2319986,2.749999999999997,1.4000000000000001,2,0.24,0.76,2,0.0,0.02
2323193,1.440000000000001,2.62,1,0.612,0.388,1,0.0,0.0
2341011,2.0,1.7200000000000009,2,0.496,0.504,2,0.0,0.0
2327363,2.1999999999999975,1.6100000000000008,1,0.524,0.476,1,0.01,0.0
2330339,1.5699999999999992,2.250000000000002,2,0.452,0.548,2,0.0,0.02
2345294,1.3599999999999994,3.0000000000000027,1,0.83,0.17,1,0.04,0.0
2326755,4.0,1.22,2,0.138,0.862,2,0.0,0.02
2343616,1.5300000000000002,2.370000000000001,2,0.544,0.456,1,0.0,0.01
2340063,1.440000000000001,2.62,1,0.724,0.276,1,0.01,0.0
2334731,3.499999999999996,1.28,2,0.36,0.64,2,0.01,0.0
2314052,1.440000000000001,2.62,1,0.606,0.394,1,0.0,0.0
2344648,1.440000000000001,2.62,1,0.772,0.228,1,0.03,0.0
2317665,2.250000000000002,1.5699999999999992,1,0.46,0.54,2,0.0,0.0
2328420,1.7200000000000009,2.0,1,0.474,0.526,2,0.0,0.01
2337359,1.440000000000001,2.62,1,0.53,0.47,1,0.0,0.01
2314016,1.22,4.0,2,0.44,0.56,2,0.0,0.04
2316707,1.6100000000000008,2.1999999999999975,1,0.594,0.406,1,0.0,0.0
2314049,1.7200000000000009,2.0,1,0.462,0.538,2,0.0,0.01
2345716,1.1600000000000006,4.500000000000004,1,0.848,0.152,1,0.0,0.0
2314756,1.3300000000000005,3.249999999999997,1,0.474,0.526,2,0.0,0.03
2315936,1.3000000000000005,3.3999999999999946,2,0.748,0.252,1,0.0,0.0
2331631,1.4999999999999993,2.5,1,0.712,0.288,1,0.01,0.0
2313908,1.7999999999999985,1.9000000000000008,1,0.606,0.394,1,0.01,0.0
2333366,2.1000000000000005,1.6599999999999995,2,0.466,0.534,2,0.0,0.0
2340524,1.3599999999999994,3.0000000000000027,1,0.702,0.298,1,0.0,0.0
2317938,1.6599999999999995,2.1000000000000005,2,0.482,0.518,2,0.0,0.01
2340089,1.7200000000000009,2.0,1,0.504,0.496,1,0.0,0.0
2343765,2.1000000000000005,1.6599999999999995,1,0.5,0.5,1,0.0,0.0
2321794,2.5,1.4999999999999993,2,0.36,0.64,2,0.0,0.0
2333140,1.6599999999999995,2.1000000000000005,1,0.622,0.378,1,0.0,0.0
2319549,1.5699999999999992,2.250000000000002,2,0.422,0.578,2,0.0,0.02
2333369,1.3599999999999994,3.0000000000000027,1,0.668,0.332,1,0.0,0.0
2324809,3.0000000000000027,1.3599999999999994,1,0.228,0.772,2,0.0,0.01
2326859,1.5300000000000002,2.370000000000001,1,0.624,0.376,1,0.0,0.0
2327134,2.370000000000001,1.5300000000000002,2,0.452,0.548,2,0.01,0.0
2326356,1.1600000000000006,4.500000000000004,2,0.534,0.466,1,0.0,0.03
2343658,1.6599999999999995,2.1000000000000005,1,0.37666666666666665,0.6233333333333333,2,0.0,0.03
2344736,3.0000000000000027,1.3599999999999994,2,0.232,0.768,2,0.0,0.01
2319964,1.8300000000000003,1.8300000000000003,1,0.484,0.516,2,0.0,0.0
2337788,1.3000000000000005,3.3999999999999946,1,0.904,0.096,1,0.06,0.0
2316681,1.6599999999999995,2.1000000000000005,1,0.544,0.456,1,0.0,0.0
2333287,2.1000000000000005,1.6599999999999995,1,0.294,0.706,2,0.0,0.03
2334610,1.8300000000000003,1.8300000000000003,2,0.522,0.478,1,0.0,0.0
2326204,1.11,5.9999999999999885,1,0.69,0.31,1,0.0,0.02
2318524,1.1400000000000003,5.0,1,0.848,0.152,1,0.0,0.0
2329215,1.6599999999999995,2.1000000000000005,2,0.414,0.586,2,0.0,0.02
2335647,1.25,3.7499999999999956,2,0.692,0.308,1,0.0,0.01
2343135,1.5300000000000002,2.370000000000001,1,0.578,0.422,1,0.0,0.0
2322774,1.5699999999999992,2.250000000000002,2,0.542,0.458,1,0.0,0.0
2314021,2.749999999999997,1.4000000000000001,1,0.452,0.548,2,0.01,0.0
2317286,1.3000000000000005,3.3999999999999946,2,0.68,0.32,1,0.0,0.0
2333371,1.4999999999999993,2.5,2,0.512,0.488,1,0.0,0.01
2337215,1.08,6.999999999999992,1,0.922,0.078,1,0.0,0.0
2333293,1.3000000000000005,3.3999999999999946,2,0.526,0.474,1,0.0,0.03
2323161,3.0000000000000027,1.3599999999999994,2,0.478,0.522,2,0.02,0.0
2335389,4.330000000000002,1.2000000000000004,1,0.378,0.622,2,0.02,0.0
2345205,2.1000000000000005,1.6599999999999995,1,0.38,0.62,2,0.0,0.0
2326414,3.7499999999999956,1.25,2,0.21,0.79,2,0.0,0.0
2322720,2.1000000000000005,1.6599999999999995,1,0.624,0.376,1,0.03,0.0
2327692,1.22,4.0,1,0.562,0.438,1,0.0,0.03
2320659,1.7200000000000009,2.0,2,0.476,0.524,2,0.0,0.0
2343611,1.3000000000000005,3.3999999999999946,1,0.94,0.06,1,0.07,0.0
2321438,3.249999999999997,1.3300000000000005,2,0.212,0.788,2,0.0,0.01
2344824,1.22,4.0,1,0.534,0.466,1,0.0,0.03
2330420,8.500000000000028,1.0500000000000003,2,0.198,0.802,2,0.01,0.0
2340773,3.0000000000000027,1.3599999999999994,2,0.4674,0.5326000000000001,2,0.02,0.0
2336324,1.0600000000000003,8.0,2,0.452,0.548,2,0.0,0.05
2346512,2.1000000000000005,1.6599999999999995,2,0.494,0.506,2,0.0,0.0
2314802,2.370000000000001,1.5300000000000002,2,0.422,0.578,2,0.0,0.0
2321094,2.749999999999997,1.4000000000000001,2,0.328,0.672,2,0.0,0.0
2319211,1.1400000000000003,5.0,2,0.794,0.206,1,0.0,0.0
2330633,1.440000000000001,2.62,1,0.828,0.172,1,0.04,0.0
2347423,1.22,4.0,2,0.828,0.172,1,0.0,0.0
2337393,2.1000000000000005,1.6599999999999995,1,0.444,0.556,2,0.0,0.0
2328546,1.6599999999999995,2.1000000000000005,2,0.486,0.514,2,0.0,0.01
2313868,5.499999999999994,1.1199999999999999,2,0.192,0.808,2,0.0,0.0
2341965,1.3599999999999994,3.0000000000000027,1,0.546,0.454,1,0.0,0.02
2346218,1.5699999999999992,2.250000000000002,2,0.54,0.46,1,0.0,0.0
2329671,3.3999999999999946,1.3000000000000005,1,0.158,0.842,2,0.0,0.03
2337112,1.3599999999999994,3.0000000000000027,2,0.732,0.268,1,0.0,0.0
2316136,1.440000000000001,2.62,1,0.532,0.468,1,0.0,0.01
2319925,2.250000000000002,1.5699999999999992,2,0.374,0.626,2,0.0,0.0
2331069,1.5699999999999992,2.250000000000002,1,0.668,0.332,1,0.01,0.0
2334313,1.4000000000000001,2.749999999999997,2,0.666,0.334,1,0.0,0.0
2317972,2.749999999999997,1.4000000000000001,2,0.374,0.626,2,0.0,0.0
2330756,2.749999999999997,1.4000000000000001,1,0.364,0.636,2,0.0,0.0
2332199,1.3000000000000005,3.3999999999999946,1,0.554,0.446,1,0.0,0.02
2330918,2.250000000000002,1.5699999999999992,1,0.54,0.46,1,0.02,0.0
2319942,1.3000000000000005,3.3999999999999946,2,0.58,0.42,1,0.0,0.02
2314378,4.500000000000004,1.1600000000000006,2,0.172,0.828,2,0.0,0.0
2327492,1.5699999999999992,2.250000000000002,2,0.506,0.494,1,0.0,0.01
2327135,1.6100000000000008,2.1999999999999975,2,0.732,0.268,1,0.03,0.0
2339396,3.7499999999999956,1.25,1,0.48,0.52,2,0.03,0.0
2323222,1.440000000000001,2.62,1,0.752,0.248,1,0.02,0.0
2335056,4.330000000000002,1.2000000000000004,2,0.368,0.632,2,0.02,0.0
2340967,1.1400000000000003,5.0,1,0.738,0.262,1,0.0,0.01
2345718,2.370000000000001,1.5300000000000002,1,0.45,0.55,2,0.0,0.0
2333276,1.4000000000000001,2.749999999999997,1,0.572,0.428,1,0.0,0.01
2322714,5.0,1.1400000000000003,2,0.096,0.904,2,0.0,0.02
2346217,1.3599999999999994,3.0000000000000027,2,0.69,0.31,1,0.0,0.0
2343636,1.1400000000000003,5.0,1,0.98,0.02,1,0.08,0.0
2320066,1.5699999999999992,2.250000000000002,2,0.706,0.294,1,0.02,0.0
2346962,2.5,1.4999999999999993,1,0.416,0.584,2,0.0,0.0
2336308,1.6100000000000008,2.1999999999999975,1,0.562,0.438,1,0.0,0.0
2326399,2.250000000000002,1.5699999999999992,2,0.474,0.526,2,0.01,0.0
2334806,2.5,1.4999999999999993,1,0.502,0.498,1,0.02,0.0
2344821,1.7200000000000009,2.0,1,0.626,0.374,1,0.01,0.0
2328145,1.5699999999999992,2.250000000000002,2,0.606,0.394,1,0.0,0.0
2329645,2.1000000000000005,1.6599999999999995,2,0.504,0.496,1,0.01,0.0
2343651,1.0400000000000005,9.000000000000009,1,0.962,0.038,1,0.0,0.0
2339099,1.0200000000000002,11.000000000000002,2,0.622,0.378,1,0.0,0.03
2327990,1.3300000000000005,3.249999999999997,1,0.73,0.27,1,0.0,0.0
2314393,1.25,3.7499999999999956,2,0.88,0.12,1,0.04,0.0
2318632,1.3599999999999994,3.0000000000000027,2,0.592,0.408,1,0.0,0.01
2337258,1.25,3.7499999999999956,2,0.94,0.06,1,0.07,0.0
2325746,1.5300000000000002,2.370000000000001,2,0.428,0.572,2,0.0,0.03
2346928,1.6599999999999995,2.1000000000000005,1,0.578,0.422,1,0.0,0.0
2323831,1.1,6.499999999999994,1,0.886,0.114,1,0.0,0.0
2343183,1.6599999999999995,2.1000000000000005,1,0.581945945945946,0.41805405405405405,1,0.0,0.0
2323771,1.4000000000000001,2.749999999999997,1,0.536,0.464,1,0.0,0.02
2314366,1.2000000000000004,4.330000000000002,2,0.878,0.122,1,0.03,0.0
2321092,1.1199999999999999,5.499999999999994,2,0.868,0.132,1,0.0,0.0
2322561,2.749999999999997,1.4000000000000001,1,0.416,0.584,2,0.01,0.0
2319576,5.0,1.1400000000000003,2,0.362,0.638,2,0.02,0.0
2345207,1.5699999999999992,2.250000000000002,1,0.624,0.376,1,0.0,0.0
2341693,1.3599999999999994,3.0000000000000027,1,0.74,0.26,1,0.0,0.0
2346383,3.3999999999999946,1.3000000000000005,1,0.514,0.486,1,0.03,0.0
2333776,2.1000000000000005,1.6599999999999995,2,0.354,0.646,2,0.0,0.01
2343613,1.3300000000000005,3.249999999999997,1,0.826,0.174,1,0.03,0.0
2327668,2.1999999999999975,1.6100000000000008,2,0.522,0.478,1,0.01,0.0
2346911,1.4000000000000001,2.749999999999997,1,0.478,0.522,2,0.0,0.02
2313968,3.499999999999996,1.28,2,0.29,0.71,2,0.0,0.0
2318814,2.5,1.4999999999999993,2,0.32,0.68,2,0.0,0.0
2314011,1.1199999999999999,5.499999999999994,1,0.536,0.464,1,0.0,0.03
2348008,2.1000000000000005,1.6599999999999995,2,0.446,0.554,2,0.0,0.0
2337364,1.0600000000000003,8.0,1,0.938,0.062,1,0.0,0.0
2341576,1.7200000000000009,2.0,1,0.386,0.614,2,0.0,0.02
2327638,2.250000000000002,1.5699999999999992,2,0.354,0.646,2,0.0,0.0
2342201,1.3599999999999994,3.0000000000000027,1,0.928,0.072,1,0.07,0.0
2327138,3.7499999999999956,1.25,1,0.254,0.746,2,0.0,0.0
2332293,1.25,3.7499999999999956,1,0.682,0.318,1,0.0,0.01
2316287,1.6100000000000008,2.1999999999999975,1,0.532,0.468,1,0.0,0.0
2327719,3.499999999999996,1.28,1,0.28,0.72,2,0.0,0.0
2320591,1.9000000000000008,1.7999999999999985,1,0.442,0.558,2,0.0,0.0
2345301,1.1600000000000006,4.500000000000004,1,0.596,0.404,1,0.0,0.02
2317116,2.250000000000002,1.5699999999999992,2,0.518,0.482,1,0.01,0.0
2341054,2.62,1.440000000000001,2,0.25,0.75,2,0.0,0.02
2339503,1.0600000000000003,8.0,1,0.972,0.028,1,0.05,0.0
2328078,1.4999999999999993,2.5,2,0.514,0.486,1,0.0,0.01
2319911,2.1000000000000005,1.6599999999999995,1,0.398,0.602,2,0.0,0.0
2333373,1.8300000000000003,1.8300000000000003,2,0.446,0.554,2,0.0,0.0
2344395,1.3300000000000005,3.249999999999997,1,0.814,0.186,1,0.03,0.0
2327355,2.0,1.7200000000000009,1,0.5,0.5,1,0.0,0.0
2324595,1.4999999999999993,2.5,1,0.856,0.144,1,0.06,0.0
2314022,1.4000000000000001,2.749999999999997,2,0.606,0.394,1,0.0,0.0
2321527,1.28,3.499999999999996,1,0.96,0.04,1,0.08,0.0
2337703,2.370000000000001,1.5300000000000002,2,0.376,0.624,2,0.0,0.0
2329713,2.250000000000002,1.5699999999999992,1,0.3,0.7,2,0.0,0.02
2336711,1.5300000000000002,2.370000000000001,2,0.622,0.378,1,0.0,0.0
2316281,1.4999999999999993,2.5,2,0.736,0.264,1,0.02,0.0
2329689,1.9000000000000008,1.7999999999999985,1,0.488,0.512,2,0.0,0.0
2337780,1.25,3.7499999999999956,1,0.924,0.076,1,0.06,0.0
2322001,3.3999999999999946,1.3000000000000005,1,0.25,0.75,2,0.0,0.0
2314426,1.22,4.0,1,0.944,0.056,1,0.07,0.0
2345738,1.5699999999999992,2.250000000000002,2,0.644,0.356,1,0.0,0.0
2327142,1.5699999999999992,2.250000000000002,1,0.816,0.184,1,0.05,0.0
2332814,1.3300000000000005,3.249999999999997,2,0.342,0.658,2,0.0,0.05
2337638,2.250000000000002,1.5699999999999992,1,0.462,0.538,2,0.0,0.0
2338423,2.1000000000000005,1.6599999999999995,1,0.474,0.526,2,0.0,0.0
2318815,1.7999999999999985,1.9000000000000008,1,0.538,0.462,1,0.0,0.0
2343652,1.6599999999999995,2.1000000000000005,1,0.66,0.34,1,0.01,0.0
2337831,1.8300000000000003,1.8300000000000003,2,0.482,0.518,2,0.0,0.0
2318893,1.4000000000000001,2.749999999999997,1,0.75,0.25,1,0.01,0.0
2332297,1.22,4.0,1,0.904,0.096,1,0.05,0.0
2341026,2.1000000000000005,1.6599999999999995,2,0.354,0.646,2,0.0,0.01
2332368,1.440000000000001,2.62,1,0.424,0.576,2,0.0,0.03
2322801,3.7499999999999956,1.25,2,0.486,0.514,2,0.03,0.0
2343450,1.8300000000000003,1.8300000000000003,1,0.426,0.574,2,0.0,0.01
2343620,1.1400000000000003,5.0,1,0.992,0.008,1,0.09,0.0
2338863,1.6599999999999995,2.1000000000000005,1,0.388,0.612,2,0.0,0.03
2332208,1.2000000000000004,4.330000000000002,2,0.918,0.082,1,0.05,0.0
2333365,1.6599999999999995,2.1000000000000005,2,0.374,0.626,2,0.0,0.03
2313971,1.3300000000000005,3.249999999999997,2,0.676,0.324,1,0.0,0.0
2337110,1.5699999999999992,2.250000000000002,1,0.368,0.632,2,0.0,0.03
2347019,2.250000000000002,1.5699999999999992,1,0.54,0.46,1,0.02,0.0
2314359,2.0,1.7200000000000009,2,0.426,0.574,2,0.0,0.0
2320857,2.250000000000002,1.5699999999999992,2,0.366,0.634,2,0.0,0.0
2327187,3.249999999999997,1.3300000000000005,2,0.254,0.746,2,0.0,0.0
2319921,2.0,1.7200000000000009,2,0.466,0.534,2,0.0,0.0
2337260,1.8300000000000003,1.8300000000000003,2,0.676,0.324,1,0.03,0.0
2327368,1.440000000000001,2.62,2,0.478,0.522,2,0.0,0.02
2346913,3.0000000000000027,1.3599999999999994,2,0.298,0.702,2,0.0,0.0
2320914,1.440000000000001,2.62,1,0.738,0.262,1,0.01,0.0
2348308,2.62,1.440000000000001,1,0.304,0.696,2,0.0,0.0
2319521,3.3999999999999946,1.3000000000000005,2,0.192,0.808,2,0.0,0.02
2332295,1.4000000000000001,2.749999999999997,1,0.614,0.386,1,0.0,0.0
2340397,1.3300000000000005,3.249999999999997,2,0.39,0.61,2,0.0,0.04
2328791,5.499999999999994,1.1199999999999999,2,0.25,0.75,2,0.01,0.0
2319571,1.3300000000000005,3.249999999999997,1,0.53,0.47,1,0.0,0.02
2327791,2.1999999999999975,1.6100000000000008,1,0.344,0.656,2,0.0,0.01
2322726,1.5699999999999992,2.250000000000002,2,0.608,0.392,1,0.0,0.0
2324466,1.22,4.0,1,0.434,0.566,2,0.0,0.04
2340065,1.1,6.499999999999994,2,0.396,0.604,2,0.0,0.05
2347026,1.5699999999999992,2.250000000000002,1,0.496,0.504,2,0.0,0.01
2343389,2.1000000000000005,1.6599999999999995,1,0.498,0.502,2,0.0,0.0
2343182,1.2000000000000004,4.330000000000002,2,0.81,0.19,1,0.0,0.0
2328242,1.1600000000000006,4.500000000000004,1,0.822,0.178,1,0.0,0.0
2314040,2.5,1.4999999999999993,2,0.404,0.596,2,0.0,0.0
2341562,1.3300000000000005,3.249999999999997,1,0.668,0.332,1,0.0,0.0
2330760,1.3300000000000005,3.249999999999997,1,0.466,0.534,2,0.0,0.03
2326416,1.5300000000000002,2.370000000000001,1,0.696,0.304,1,0.01,0.0
2321999,1.3599999999999994,3.0000000000000027,1,0.534,0.466,1,0.0,0.02
2336207,4.500000000000004,1.1600000000000006,2,0.354,0.646,2,0.02,0.0
2313967,1.28,3.499999999999996,1,0.708,0.292,1,0.0,0.0
2346929,1.6599999999999995,2.1000000000000005,1,0.496,0.504,2,0.0,0.01
2346345,1.4000000000000001,2.749999999999997,1,0.904,0.096,1,0.07,0.0
2328208,2.370000000000001,1.5300000000000002,2,0.532,0.468,1,0.02,0.0
2327503,1.28,3.499999999999996,1,0.66,0.34,1,0.0,0.01
2313952,1.5699999999999992,2.250000000000002,1,0.758,0.242,1,0.03,0.0
2330235,3.7499999999999956,1.25,2,0.326,0.674,2,0.01,0.0
2340160,1.28,3.499999999999996,1,0.946,0.054,1,0.08,0.0
2345100,4.330000000000002,1.2000000000000004,2,0.116,0.884,2,0.0,0.03
2333381,2.1000000000000005,1.6599999999999995,1,0.544,0.456,1,0.01,0.0
2314024,1.3300000000000005,3.249999999999997,2,0.556,0.444,1,0.0,0.02
2345736,1.6100000000000008,2.1999999999999975,1,0.634,0.366,1,0.0,0.0
2328541,1.9000000000000008,1.7999999999999985,1,0.584,0.416,1,0.01,0.0
2322778,3.7499999999999956,1.25,2,0.34,0.66,2,0.01,0.0
2318592,1.4999999999999993,2.5,2,0.396,0.604,2,0.0,0.03
2320747,1.3000000000000005,3.3999999999999946,1,0.832,0.168,1,0.03,0.0
2340908,4.500000000000004,1.1600000000000006,1,0.506,0.494,1,0.04,0.0
2318627,1.440000000000001,2.62,2,0.454,0.546,2,0.0,0.03
2331461,1.2000000000000004,4.330000000000002,1,0.846,0.154,1,0.01,0.0
2318410,2.1999999999999975,1.6100000000000008,1,0.524,0.476,1,0.01,0.0
2337138,1.3599999999999994,3.0000000000000027,1,0.804,0.196,1,0.03,0.0
2321435,1.8300000000000003,1.8300000000000003,2,0.552,0.448,1,0.0,0.0
2327366,2.62,1.440000000000001,2,0.476,0.524,2,0.02,0.0
2340164,1.7200000000000009,2.0,2,0.606,0.394,1,0.01,0.0
2333361,1.7200000000000009,2.0,1,0.424,0.576,2,0.0,0.02
2344364,1.5300000000000002,2.370000000000001,1,0.696,0.304,1,0.01,0.0
2319993,2.62,1.440000000000001,1,0.498,0.502,2,0.02,0.0
2314805,1.3599999999999994,3.0000000000000027,2,0.708,0.292,1,0.0,0.0
2329667,2.1000000000000005,1.6599999999999995,1,0.526,0.474,1,0.01,0.0
2333060,6.499999999999994,1.1,1,0.278,0.722,2,0.01,0.0
2341139,2.62,1.440000000000001,1,0.292,0.708,2,0.0,0.0
2316673,1.440000000000001,2.62,1,0.418,0.582,2,0.0,0.03
2326841,2.749999999999997,1.4000000000000001,1,0.46,0.54,2,0.02,0.0
2337259,2.370000000000001,1.5300000000000002,1,0.486,0.514,2,0.01,0.0
2340825,4.330000000000002,1.2000000000000004,1,0.442,0.558,2,0.03,0.0
2316505,1.440000000000001,2.62,1,0.594,0.406,1,0.0,0.0
2323221,1.6100000000000008,2.1999999999999975,1,0.804,0.196,1,0.05,0.0
2314060,1.4000000000000001,2.749999999999997,2,0.636,0.364,1,0.0,0.0
2314381,1.25,3.7499999999999956,1,0.934,0.066,1,0.07,0.0
2315931,3.7499999999999956,1.25,2,0.226,0.774,2,0.0,0.0
2326894,4.330000000000002,1.2000000000000004,1,0.206,0.794,2,0.0,0.0
2329678,1.2000000000000004,4.330000000000002,1,0.894,0.106,1,0.04,0.0
2340878,1.5300000000000002,2.370000000000001,2,0.65,0.35,1,0.0,0.0
2346335,1.2000000000000004,4.330000000000002,1,0.902,0.098,1,0.04,0.0
2314795,1.4999999999999993,2.5,2,0.548,0.452,1,0.0,0.01
2330818,1.440000000000001,2.62,1,0.58,0.42,1,0.0,0.01
2314042,2.749999999999997,1.4000000000000001,2,0.472,0.528,2,0.02,0.0
2333289,1.440000000000001,2.62,1,0.588,0.412,1,0.0,0.0
2343386,1.4999999999999993,2.5,2,0.51,0.49,1,0.0,0.02
2345390,1.6599999999999995,2.1000000000000005,1,0.632,0.368,1,0.01,0.0
2338294,1.25,3.7499999999999956,1,0.76,0.24,1,0.0,0.0
2337361,1.3000000000000005,3.3999999999999946,1,0.712,0.288,1,0.0,0.0
2327495,1.4000000000000001,2.749999999999997,2,0.45,0.55,2,0.0,0.03
2346462,1.1199999999999999,5.499999999999994,1,0.61,0.39,1,0.0,0.03
2314390,1.3000000000000005,3.3999999999999946,1,0.922,0.078,1,0.07,0.0
2333383,1.8300000000000003,1.8300000000000003,1,0.61,0.39,1,0.01,0.0
2313956,1.3599999999999994,3.0000000000000027,2,0.556,0.444,1,0.0,0.02
2329327,1.1600000000000006,4.500000000000004,1,0.928,0.072,1,0.05,0.0
2345389,1.7200000000000009,2.0,2,0.47,0.53,2,0.0,0.01
2327321,1.22,4.0,1,0.748,0.252,1,0.0,0.0
2345395,1.8300000000000003,1.8300000000000003,2,0.468,0.532,2,0.0,0.0
2319991,1.5300000000000002,2.370000000000001,1,0.598,0.402,1,0.0,0.0
2338068,1.5300000000000002,2.370000000000001,2,0.382,0.618,2,0.0,0.03
2319674,1.6100000000000008,2.1999999999999975,1,0.554,0.446,1,0.0,0.0
2318619,2.0,1.7200000000000009,2,0.464,0.536,2,0.0,0.0
2343669,1.8300000000000003,1.8300000000000003,1,0.4,0.6,2,0.0,0.01
2331639,1.0100000000000002,14.999999999999995,1,0.84,0.16,1,0.0,0.01
2338042,1.1199999999999999,5.499999999999994,1,0.63,0.37,1,0.0,0.02
2334596,1.1199999999999999,5.499999999999994,1,0.704,0.296,1,0.0,0.01
2342612,3.249999999999997,1.3300000000000005,1,0.492,0.508,2,0.03,0.0
2326395,2.370000000000001,1.5300000000000002,2,0.442,0.558,2,0.0,0.0
2328000,1.4999999999999993,2.5,2,0.572,0.428,1,0.0,0.0
2319742,1.6599999999999995,2.1000000000000005,1,0.512,0.488,1,0.0,0.0
2314055,2.0,1.7200000000000009,1,0.462,0.538,2,0.0,0.0
2343387,3.0000000000000027,1.3599999999999994,1,0.428,0.572,2,0.01,0.0
2316091,1.7999999999999985,1.9000000000000008,1,0.51,0.49,1,0.0,0.0
2314758,2.250000000000002,1.5699999999999992,2,0.498,0.502,2,0.01,0.0
2341726,1.6599999999999995,2.1000000000000005,2,0.456,0.544,2,0.0,0.01
2324468,1.5699999999999992,2.250000000000002,1,0.614,0.386,1,0.0,0.0
2316694,1.1600000000000006,4.500000000000004,1,0.928,0.072,1,0.05,0.0
2323142,1.7200000000000009,2.0,1,0.354,0.646,2,0.0,0.03
2314339,2.749999999999997,1.4000000000000001,1,0.466,0.534,2,0.02,0.0
2330799,3.3999999999999946,1.3000000000000005,1,0.292,0.708,2,0.0,0.0
2323785,1.3000000000000005,3.3999999999999946,1,0.518,0.482,1,0.0,0.03
2314554,1.6100000000000008,2.1999999999999975,2,0.586,0.414,1,0.0,0.0
2315690,1.3300000000000005,3.249999999999997,1,0.55,0.45,1,0.0,0.02
2338262,1.8300000000000003,1.8300000000000003,1,0.536,0.464,1,0.0,0.0
2334616,1.11,5.9999999999999885,1,0.854,0.146,1,0.0,0.0
2314536,1.8300000000000003,1.8300000000000003,2,0.454,0.546,2,0.0,0.0
2340068,1.3300000000000005,3.249999999999997,1,0.894,0.106,1,0.06,0.0
2324090,2.370000000000001,1.5300000000000002,1,0.244,0.756,2,0.0,0.03
2332769,1.7999999999999985,1.9000000000000008,2,0.496,0.504,2,0.0,0.0
2327178,1.3300000000000005,3.249999999999997,1,0.764,0.236,1,0.0,0.0
2337126,3.3999999999999946,1.3000000000000005,2,0.24,0.76,2,0.0,0.0
2313983,1.2000000000000004,4.330000000000002,2,0.814,0.186,1,0.0,0.0
2328199,1.4999999999999993,2.5,1,0.586,0.414,1,0.0,0.0
2315693,1.1,6.499999999999994,2,0.692,0.308,1,0.0,0.02
2326473,2.749999999999997,1.4000000000000001,1,0.562,0.438,1,0.03,0.0
2314403,2.0,1.7200000000000009,1,0.388,0.612,2,0.0,0.01
2343147,1.1600000000000006,4.500000000000004,1,0.87,0.13,1,0.01,0.0
2322148,2.0,1.7200000000000009,2,0.332,0.668,2,0.0,0.02
2336680,1.440000000000001,2.62,2,0.602,0.398,1,0.0,0.0
2329598,2.370000000000001,1.5300000000000002,2,0.348,0.652,2,0.0,0.0
2334615,1.9000000000000008,1.7999999999999985,2,0.452,0.548,2,0.0,0.0
2342082,1.6100000000000008,2.1999999999999975,1,0.668,0.332,1,0.01,0.0
2316285,1.3599999999999994,3.0000000000000027,1,0.652,0.348,1,0.0,0.0
2343758,1.4999999999999993,2.5,2,0.462,0.538,2,0.0,0.02
2342395,2.1000000000000005,1.6599999999999995,1,0.406,0.594,2,0.0,0.0
2316769,1.7200000000000009,2.0,1,0.512,0.488,1,0.0,0.0
2318982,1.08,6.999999999999992,1,0.676,0.324,1,0.0,0.02
2319192,1.6599999999999995,2.1000000000000005,2,0.504,0.496,1,0.0,0.0
2337800,1.440000000000001,2.62,1,0.542,0.458,1,0.0,0.01
2322543,1.4999999999999993,2.5,2,0.588,0.412,1,0.0,0.0
2322798,1.6100000000000008,2.1999999999999975,2,0.548,0.452,1,0.0,0.0
2326464,1.6100000000000008,2.1999999999999975,2,0.488,0.512,2,0.0,0.01
2315834,1.3300000000000005,3.249999999999997,2,0.896,0.104,1,0.06,0.0
2345576,1.8300000000000003,1.8300000000000003,2,0.506,0.494,1,0.0,0.0
2346946,3.249999999999997,1.3300000000000005,2,0.164,0.836,2,0.0,0.03
2346340,1.440000000000001,2.62,2,0.768,0.232,1,0.02,0.0
2327455,4.500000000000004,1.1600000000000006,1,0.236,0.764,2,0.0,0.0
2317328,2.0,1.7200000000000009,1,0.358,0.642,2,0.0,0.01
2342093,1.3599999999999994,3.0000000000000027,2,0.502,0.498,1,0.0,0.02
2328088,1.3000000000000005,3.3999999999999946,1,0.578,0.422,1,0.0,0.02
2326883,2.749999999999997,1.4000000000000001,2,0.328,0.672,2,0.0,0.0
2320986,1.28,3.499999999999996,1,0.922,0.078,1,0.06,0.0
2323569,4.330000000000002,1.2000000000000004,2,0.27,0.73,2,0.01,0.0
2345210,1.4000000000000001,2.749999999999997,1,0.896,0.104,1,0.06,0.0
2335521,1.4999999999999993,2.5,1,0.44,0.56,2,0.0,0.03
2336960,1.25,3.7499999999999956,2,0.804,0.196,1,0.0,0.0
2314360,6.999999999999992,1.08,2,0.288,0.712,2,0.02,0.0
2342410,3.7499999999999956,1.25,2,0.424,0.576,2,0.02,0.0
2345483,1.8300000000000003,1.8300000000000003,1,0.528,0.472,1,0.0,0.0
2347032,1.1400000000000003,5.0,1,0.95,0.05,1,0.06,0.0
2314954,2.1000000000000005,1.6599999999999995,2,0.374,0.626,2,0.0,0.01
2329721,1.1199999999999999,5.499999999999994,1,0.914,0.086,1,0.02,0.0
2327350,1.5699999999999992,2.250000000000002,1,0.724,0.276,1,0.02,0.0
2342198,1.2000000000000004,4.330000000000002,1,0.932,0.068,1,0.06,0.0
2338219,1.8300000000000003,1.8300000000000003,2,0.42,0.58,2,0.0,0.01
2348005,1.7200000000000009,2.0,2,0.428,0.572,2,0.0,0.01
2345567,1.440000000000001,2.62,2,0.57,0.43,1,0.0,0.01
2313985,1.3599999999999994,3.0000000000000027,2,0.496,0.504,2,0.0,0.03
2332583,1.3599999999999994,3.0000000000000027,1,0.546,0.454,1,0.0,0.02
2321659,3.7499999999999956,1.25,1,0.246,0.754,2,0.0,0.0
2313962,1.5699999999999992,2.250000000000002,1,0.676,0.324,1,0.01,0.0
2327504,2.749999999999997,1.4000000000000001,2,0.364,0.636,2,0.0,0.0
2336722,1.0500000000000003,8.500000000000028,1,0.97,0.03,1,0.04,0.0
2336325,1.3000000000000005,3.3999999999999946,1,0.794,0.206,1,0.01,0.0
2346068,1.440000000000001,2.62,2,0.434,0.566,2,0.0,0.03
2340378,2.0,1.7200000000000009,2,0.378,0.622,2,0.0,0.01
2344829,1.440000000000001,2.62,1,0.748,0.252,1,0.02,0.0
2332771,1.6599999999999995,2.1000000000000005,2,0.4845,0.5155,2,0.0,0.01
2327775,1.3300000000000005,3.249999999999997,2,0.518,0.482,1,0.0,0.03
2342609,1.8300000000000003,1.8300000000000003,2,0.536,0.464,1,0.0,0.0
2322740,1.6100000000000008,2.1999999999999975,2,0.434,0.566,2,0.0,0.02
2319943,4.0,1.22,1,0.314,0.686,2,0.01,0.0
2341569,2.62,1.440000000000001,2,0.336,0.664,2,0.0,0.0
2322811,1.5300000000000002,2.370000000000001,1,0.484,0.516,2,0.0,0.02
2323558,2.370000000000001,1.5300000000000002,2,0.306,0.694,2,0.0,0.01
2319684,4.330000000000002,1.2000000000000004,2,0.19,0.81,2,0.0,0.0
2327483,2.5,1.4999999999999993,1,0.244,0.756,2,0.0,0.03
2328479,1.25,3.7499999999999956,1,0.5,0.5,1,0.0,0.03
2319555,3.7499999999999956,1.25,2,0.288,0.712,2,0.0,0.0
2347584,1.5699999999999992,2.250000000000002,1,0.7,0.3,1,0.02,0.0
2332280,1.8300000000000003,1.8300000000000003,2,0.47,0.53,2,0.0,0.0
2321663,2.370000000000001,1.5300000000000002,1,0.676,0.324,1,0.04,0.0
2326404,1.6100000000000008,2.1999999999999975,2,0.646,0.354,1,0.01,0.0
2346378,1.440000000000001,2.62,1,0.546,0.454,1,0.0,0.01
2334916,3.0000000000000027,1.3599999999999994,2,0.464,0.536,2,0.02,0.0
2318555,1.3599999999999994,3.0000000000000027,1,0.576,0.424,1,0.0,0.01
2332201,1.1600000000000006,4.500000000000004,2,0.818,0.182,1,0.0,0.0
2342080,1.5699999999999992,2.250000000000002,1,0.668,0.332,1,0.01,0.0
2341014,1.9000000000000008,1.7999999999999985,2,0.618,0.382,1,0.02,0.0
2331402,1.0400000000000005,9.000000000000009,1,0.71,0.29,1,0.0,0.02
2327125,1.5699999999999992,2.250000000000002,1,0.542,0.458,1,0.0,0.0
2341680,1.6599999999999995,2.1000000000000005,2,0.732,0.268,1,0.03,0.0
2316154,1.4999999999999993,2.5,1,0.69,0.31,1,0.01,0.0
2334514,4.0,1.22,2,0.124,0.876,2,0.0,0.03
2345810,5.499999999999994,1.1199999999999999,2,0.334,0.666,2,0.02,0.0
2331562,4.0,1.22,2,0.176,0.824,2,0.0,0.0
2318621,1.7999999999999985,1.9000000000000008,2,0.518,0.482,1,0.0,0.0
2317124,2.370000000000001,1.5300000000000002,2,0.412,0.588,2,0.0,0.0
2319847,4.330000000000002,1.2000000000000004,2,0.45,0.55,2,0.03,0.0
2327143,3.3999999999999946,1.3000000000000005,2,0.348,0.652,2,0.01,0.0
2320997,1.5699999999999992,2.250000000000002,1,0.604,0.396,1,0.0,0.0
2343655,1.6100000000000008,2.1999999999999975,1,0.44594594594594594,0.5540540540540541,2,0.0,0.02
2322302,3.7499999999999956,1.25,1,0.258,0.742,2,0.0,0.0
2324342,3.3999999999999946,1.3000000000000005,1,0.314,0.686,2,0.0,0.0
2332948,4.0,1.22,1,0.532,0.468,1,0.04,0.0
2314504,2.749999999999997,1.4000000000000001,2,0.3,0.7,2,0.0,0.0
2326367,1.1,6.499999999999994,1,0.55,0.45,1,0.0,0.03
2316592,1.5300000000000002,2.370000000000001,1,0.552,0.448,1,0.0,0.0
2342325,1.440000000000001,2.62,1,0.914,0.086,1,0.07,0.0
2336823,1.8300000000000003,1.8300000000000003,1,0.566,0.434,1,0.0,0.0
2313945,1.5699999999999992,2.250000000000002,1,0.544,0.456,1,0.0,0.0
2344396,1.5699999999999992,2.250000000000002,1,0.444,0.556,2,0.0,0.02
2332780,1.3300000000000005,3.249999999999997,1,0.984,0.016,1,0.09,0.0
2313906,1.9000000000000008,1.7999999999999985,2,0.576,0.424,1,0.01,0.0
2342208,1.1400000000000003,5.0,2,0.84,0.16,1,0.0,0.0
2332812,3.3999999999999946,1.3000000000000005,2,0.208,0.792,2,0.0,0.01
2346560,2.370000000000001,1.5300000000000002,1,0.37,0.63,2,0.0,0.0
2345221,2.1999999999999975,1.6100000000000008,2,0.344,0.656,2,0.0,0.01
2317121,2.62,1.440000000000001,2,0.398,0.602,2,0.0,0.0
2344704,1.9000000000000008,1.7999999999999985,2,0.542,0.458,1,0.0,0.0
2346062,1.3599999999999994,3.0000000000000027,1,0.902,0.098,1,0.06,0.0
2341564,1.440000000000001,2.62,1,0.792,0.208,1,0.03,0.0
2331492,1.6599999999999995,2.1000000000000005,1,0.558,0.442,1,0.0,0.0
2316076,1.28,3.499999999999996,1,0.478,0.522,2,0.0,0.03
2340920,1.25,3.7499999999999956,1,0.864,0.136,1,0.03,0.0
2317207,1.4000000000000001,2.749999999999997,1,0.572,0.428,1,0.0,0.01
2316500,3.0000000000000027,1.3599999999999994,1,0.348,0.652,2,0.0,0.0
2315614,1.4000000000000001,2.749999999999997,1,0.678,0.322,1,0.0,0.0
2333027,2.749999999999997,1.4000000000000001,2,0.474,0.526,2,0.02,0.0
2345187,1.4000000000000001,2.749999999999997,1,0.566,0.434,1,0.0,0.01
2319864,1.5300000000000002,2.370000000000001,1,0.528,0.472,1,0.0,0.01
2338431,1.2000000000000004,4.330000000000002,1,0.626,0.374,1,0.0,0.02
2345297,1.8300000000000003,1.8300000000000003,1,0.384,0.616,2,0.0,0.02
2326853,2.62,1.440000000000001,2,0.536,0.464,1,0.02,0.0
2340829,1.440000000000001,2.62,2,0.414,0.586,2,0.0,0.03
2339394,1.3300000000000005,3.249999999999997,1,0.838,0.162,1,0.03,0.0
2327997,1.3000000000000005,3.3999999999999946,1,0.722,0.278,1,0.0,0.0
2318981,1.3599999999999994,3.0000000000000027,1,0.726,0.274,1,0.0,0.0
2317267,1.8300000000000003,1.8300000000000003,1,0.526,0.474,1,0.0,0.0
2321967,1.6100000000000008,2.1999999999999975,1,0.656,0.344,1,0.01,0.0
2346889,1.8300000000000003,1.8300000000000003,2,0.484,0.516,2,0.0,0.0
2322303,2.749999999999997,1.4000000000000001,2,0.262,0.738,2,0.0,0.01
2346058,1.4000000000000001,2.749999999999997,2,0.442,0.558,2,0.0,0.03
2329504,2.1999999999999975,1.6100000000000008,2,0.566,0.434,1,0.02,0.0
2323620,1.7999999999999985,1.9000000000000008,1,0.566,0.434,1,0.0,0.0
2319586,2.5,1.4999999999999993,2,0.524,0.476,1,0.02,0.0
2320729,1.3300000000000005,3.249999999999997,2,0.362,0.638,2,0.0,0.05
2342314,1.1600000000000006,4.500000000000004,2,0.448,0.552,2,0.0,0.04
2346568,3.7499999999999956,1.25,2,0.112,0.888,2,0.0,0.04
2334913,5.0,1.1400000000000003,2,0.212,0.788,2,0.0,0.0
2319450,4.500000000000004,1.1600000000000006,2,0.066,0.934,2,0.0,0.05
2330802,1.4000000000000001,2.749999999999997,1,0.87,0.13,1,0.05,0.0
2322784,1.5699999999999992,2.250000000000002,2,0.594,0.406,1,0.0,0.0
2319968,1.6100000000000008,2.1999999999999975,1,0.526,0.474,1,0.0,0.0
2343621,2.1000000000000005,1.6599999999999995,1,0.58,0.42,1,0.02,0.0
2315619,1.7200000000000009,2.0,1,0.538,0.462,1,0.0,0.0
2337714,1.5699999999999992,2.250000000000002,1,0.574,0.426,1,0.0,0.0
2336439,1.1400000000000003,5.0,1,0.704,0.296,1,0.0,0.01
2327725,1.28,3.499999999999996,1,0.684,0.316,1,0.0,0.0
2345190,1.5699999999999992,2.250000000000002,1,0.446,0.554,2,0.0,0.02
2344834,1.25,3.7499999999999956,1,0.828,0.172,1,0.01,0.0
2319188,3.249999999999997,1.3300000000000005,2,0.264,0.736,2,0.0,0.0
2324536,1.6599999999999995,2.1000000000000005,2,0.47,0.53,2,0.0,0.01
2322565,1.28,3.499999999999996,1,0.8,0.2,1,0.01,0.0
2314501,1.6100000000000008,2.1999999999999975,2,0.546,0.454,1,0.0,0.0
2338364,2.62,1.440000000000001,2,0.438,0.562,2,0.01,0.0
2346461,1.5300000000000002,2.370000000000001,1,0.426,0.574,2,0.0,0.03
2341030,1.3300000000000005,3.249999999999997,2,0.472,0.528,2,0.0,0.03
2317639,2.749999999999997,1.4000000000000001,1,0.494,0.506,2,0.02,0.0
2338656,1.440000000000001,2.62,1,0.412,0.588,2,0.0,0.03
2340400,1.5300000000000002,2.370000000000001,2,0.43,0.57,2,0.0,0.03
2344375,1.7999999999999985,1.9000000000000008,1,0.39,0.61,2,0.0,0.02
2319840,2.62,1.440000000000001,2,0.248,0.752,2,0.0,0.02
2342384,3.249999999999997,1.3300000000000005,1,0.554,0.446,1,0.04,0.0
2345191,1.3300000000000005,3.249999999999997,1,0.838,0.162,1,0.03,0.0
2315488,1.6599999999999995,2.1000000000000005,2,0.502,0.498,1,0.0,0.0
2327764,1.440000000000001,2.62,1,0.56,0.44,1,0.0,0.01
2318540,1.8300000000000003,1.8300000000000003,2,0.542,0.458,1,0.0,0.0
2317937,1.7200000000000009,2.0,1,0.564,0.436,1,0.0,0.0
2332492,3.249999999999997,1.3300000000000005,1,0.376,0.624,2,0.01,0.0
2345809,1.6599999999999995,2.1000000000000005,2,0.62,0.38,1,0.0,0.0
2324424,1.3300000000000005,3.249999999999997,1,0.554,0.446,1,0.0,0.02
2340094,1.0600000000000003,8.0,1,0.978,0.022,1,0.06,0.0
2327327,3.0000000000000027,1.3599999999999994,1,0.444,0.556,2,0.02,0.0
2332764,3.499999999999996,1.28,2,0.398,0.602,2,0.02,0.0
2323774,2.62,1.440000000000001,1,0.39,0.61,2,0.0,0.0
2316661,1.8300000000000003,1.8300000000000003,2,0.53,0.47,1,0.0,0.0
2336248,1.6599999999999995,2.1000000000000005,2,0.572,0.428,1,0.0,0.0
2318042,2.749999999999997,1.4000000000000001,2,0.39,0.61,2,0.0,0.0
2328076,1.9000000000000008,1.7999999999999985,2,0.47,0.53,2,0.0,0.0
2322000,1.5300000000000002,2.370000000000001,1,0.77,0.23,1,0.03,0.0
2328185,2.62,1.440000000000001,1,0.334,0.666,2,0.0,0.0
2338422,1.4000000000000001,2.749999999999997,1,0.504,0.496,1,0.0,0.02
2317082,1.9000000000000008,1.7999999999999985,2,0.514,0.486,1,0.0,0.0
2332292,1.5699999999999992,2.250000000000002,1,0.584,0.416,1,0.0,0.0
2316148,1.4999999999999993,2.5,2,0.826,0.174,1,0.05,0.0
2327481,1.4999999999999993,2.5,1,0.6,0.4,1,0.0,0.0
2347017,2.0,1.7200000000000009,1,0.43,0.57,2,0.0,0.0
2330809,1.5699999999999992,2.250000000000002,2,0.614,0.386,1,0.0,0.0
2320146,1.6100000000000008,2.1999999999999975,2,0.53,0.47,1,0.0,0.0
2316156,2.749999999999997,1.4000000000000001,2,0.504,0.496,1,0.02,0.0
2343685,1.22,4.0,1,0.83,0.17,1,0.01,0.0
2321422,2.749999999999997,1.4000000000000001,2,0.41,0.59,2,0.01,0.0
2322304,1.4000000000000001,2.749999999999997,1,0.836,0.164,1,0.04,0.0
2329226,1.8300000000000003,1.8300000000000003,1,0.394,0.606,2,0.0,0.01
2341884,2.250000000000002,1.5699999999999992,2,0.436,0.564,2,0.0,0.0
2313860,1.2000000000000004,4.330000000000002,1,0.57,0.43,1,0.0,0.03
2334729,2.0,1.7200000000000009,2,0.362,0.638,2,0.0,0.01
2343572,1.3599999999999994,3.0000000000000027,1,0.924,0.076,1,0.07,0.0
2329476,1.6100000000000008,2.1999999999999975,2,0.3846666666666667,0.6153333333333334,2,0.0,0.03
2319600,1.22,4.0,1,0.584,0.416,1,0.0,0.02
2337983,3.0000000000000027,1.3599999999999994,1,0.482,0.518,2,0.02,0.0
2316796,1.25,3.7499999999999956,1,0.482,0.518,2,0.0,0.03
2326405,1.5699999999999992,2.250000000000002,1,0.574,0.426,1,0.0,0.0
2333364,2.749999999999997,1.4000000000000001,1,0.548,0.452,1,0.03,0.0
2315638,1.22,4.0,1,0.606,0.394,1,0.0,0.02
2323795,2.62,1.440000000000001,1,0.494,0.506,2,0.02,0.0
2325745,1.3000000000000005,3.3999999999999946,1,0.522,0.478,1,0.0,0.03
2345628,2.370000000000001,1.5300000000000002,2,0.426,0.574,2,0.0,0.0
2319465,1.5300000000000002,2.370000000000001,1,0.634,0.366,1,0.0,0.0
2323773,1.5699999999999992,2.250000000000002,1,0.484,0.516,2,0.0,0.01
2328539,2.1000000000000005,1.6599999999999995,2,0.494,0.506,2,0.0,0.0
2344702,5.499999999999994,1.1199999999999999,2,0.138,0.862,2,0.0,0.0
2341567,2.0,1.7200000000000009,2,0.364,0.636,2,0.0,0.01
2319887,2.1999999999999975,1.6100000000000008,1,0.384,0.616,2,0.0,0.0
2333248,5.9999999999999885,1.11,2,0.198,0.802,2,0.0,0.0
2322544,2.5,1.4999999999999993,1,0.382,0.618,2,0.0,0.0
2316799,1.9000000000000008,1.7999999999999985,1,0.414,0.586,2,0.0,0.01
2329050,1.5300000000000002,2.370000000000001,2,0.56,0.44,1,0.0,0.0
2324261,1.3599999999999994,3.0000000000000027,1,0.752,0.248,1,0.01,0.0
2345549,1.1400000000000003,5.0,1,0.778,0.222,1,0.0,0.0
2334217,1.2000000000000004,4.330000000000002,1,0.702,0.298,1,0.0,0.01
2347035,2.370000000000001,1.5300000000000002,2,0.41,0.59,2,0.0,0.0
2334864,1.1,6.499999999999994,1,0.924,0.076,1,0.02,0.0
2329660,6.999999999999992,1.08,2,0.328,0.672,2,0.02,0.0
2341687,1.4999999999999993,2.5,1,0.404,0.596,2,0.0,0.03
2316496,4.330000000000002,1.2000000000000004,2,0.28,0.72,2,0.01,0.0
2327995,1.440000000000001,2.62,1,0.662,0.338,1,0.0,0.0
2319884,3.0000000000000027,1.3599999999999994,2,0.39,0.61,2,0.01,0.0
2319443,1.4999999999999993,2.5,2,0.616,0.384,1,0.0,0.0
2322146,1.1199999999999999,5.499999999999994,1,0.888,0.112,1,0.0,0.0
2331561,1.4000000000000001,2.749999999999997,1,0.816,0.184,1,0.04,0.0
2331740,2.5,1.4999999999999993,2,0.542,0.458,1,0.02,0.0
2340749,2.370000000000001,1.5300000000000002,2,0.184,0.816,2,0.0,0.05
2328112,2.5,1.4999999999999993,2,0.4,0.6,2,0.0,0.0
2329220,1.440000000000001,2.62,1,0.486,0.514,2,0.0,0.02
2338034,2.62,1.440000000000001,2,0.284,0.716,2,0.0,0.01
2335527,1.1199999999999999,5.499999999999994,1,0.474,0.526,2,0.0,0.04
2316586,1.6100000000000008,2.1999999999999975,2,0.474,0.526,2,0.0,0.01
2315761,3.0000000000000027,1.3599999999999994,2,0.146,0.854,2,0.0,0.04
2321408,1.3000000000000005,3.3999999999999946,2,0.566,0.434,1,0.0,0.02
2342092,2.1000000000000005,1.6599999999999995,1,0.532,0.468,1,0.01,0.0
2327447,3.3999999999999946,1.3000000000000005,2,0.142,0.858,2,0.0,0.04
2327586,1.4000000000000001,2.749999999999997,2,0.588,0.412,1,0.0,0.01
2336705,1.28,3.499999999999996,1,0.76,0.24,1,0.0,0.0
2346586,1.7200000000000009,2.0,2,0.518,0.482,1,0.0,0.0
2340945,2.62,1.440000000000001,2,0.338,0.662,2,0.0,0.0
2327375,2.62,1.440000000000001,1,0.554,0.446,1,0.03,0.0
2346575,1.440000000000001,2.62,1,0.5359459459459459,0.4640540540540541,1,0.0,0.01
2323214,2.5,1.4999999999999993,1,0.43,0.57,2,0.0,0.0
2334926,4.330000000000002,1.2000000000000004,2,0.164,0.836,2,0.0,0.0
2321028,1.6599999999999995,2.1000000000000005,1,0.572,0.428,1,0.0,0.0
2330437,2.250000000000002,1.5699999999999992,1,0.478,0.522,2,0.01,0.0
2337926,1.3599999999999994,3.0000000000000027,1,0.602,0.398,1,0.0,0.01
2334918,1.2000000000000004,4.330000000000002,1,0.68,0.32,1,0.0,0.01
2316092,1.9000000000000008,1.7999999999999985,2,0.57,0.43,1,0.01,0.0
2325152,1.5699999999999992,2.250000000000002,1,0.712,0.288,1,0.02,0.0
2333179,1.4000000000000001,2.749999999999997,1,0.52,0.48,1,0.0,0.02
2331071,1.5699999999999992,2.250000000000002,1,0.45,0.55,2,0.0,0.02
2346339,1.4000000000000001,2.749999999999997,2,0.48,0.52,2,0.0,0.02
2327381,2.250000000000002,1.5699999999999992,1,0.354,0.646,2,0.0,0.0
2334333,1.1600000000000006,4.500000000000004,1,0.604,0.396,1,0.0,0.02
2320784,1.7999999999999985,1.9000000000000008,1,0.444,0.556,2,0.0,0.01
2332741,1.3599999999999994,3.0000000000000027,1,0.918,0.082,1,0.07,0.0
2314028,2.0,1.7200000000000009,1,0.494,0.506,2,0.0,0.0
2344819,1.7200000000000009,2.0,2,0.486,0.514,2,0.0,0.0
2334194,1.22,4.0,2,0.39,0.61,2,0.0,0.05
2340966,1.8300000000000003,1.8300000000000003,2,0.49,0.51,2,0.0,0.0
2317296,1.28,3.499999999999996,1,0.706,0.294,1,0.0,0.0
2343136,1.440000000000001,2.62,1,0.712,0.288,1,0.01,0.0
2329588,2.749999999999997,1.4000000000000001,1,0.37,0.63,2,0.0,0.0
2342097,1.6599999999999995,2.1000000000000005,2,0.364,0.636,2,0.0,0.03
2345740,1.8300000000000003,1.8300000000000003,2,0.462,0.538,2,0.0,0.0
2315470,1.4000000000000001,2.749999999999997,1,0.498,0.502,2,0.0,0.02
2320786,2.1999999999999975,1.6100000000000008,1,0.534,0.466,1,0.01,0.0
2338124,2.370000000000001,1.5300000000000002,1,0.524,0.476,1,0.02,0.0
2326402,1.6100000000000008,2.1999999999999975,1,0.524,0.476,1,0.0,0.0
2342269,1.3599999999999994,3.0000000000000027,1,0.67,0.33,1,0.0,0.0
2327715,2.370000000000001,1.5300000000000002,1,0.416,0.584,2,0.0,0.0
2334922,1.08,6.999999999999992,2,0.406,0.594,2,0.0,0.05
2339029,1.7200000000000009,2.0,2,0.37,0.63,2,0.0,0.03
2330434,1.440000000000001,2.62,2,0.592,0.408,1,0.0,0.0
2346064,2.0,1.7200000000000009,1,0.456,0.544,2,0.0,0.0
2330244,5.0,1.1400000000000003,2,0.332,0.668,2,0.02,0.0
2318549,3.499999999999996,1.28,2,0.258,0.742,2,0.0,0.0
2316664,4.0,1.22,1,0.248,0.752,2,0.0,0.0
2337678,2.1000000000000005,1.6599999999999995,1,0.472,0.528,2,0.0,0.0
2313894,1.4999999999999993,2.5,1,0.534,0.466,1,0.0,0.01
2343680,1.4000000000000001,2.749999999999997,1,0.824,0.176,1,0.04,0.0
2318423,1.2000000000000004,4.330000000000002,1,0.474,0.526,2,0.0,0.04
2332046,1.4999999999999993,2.5,1,0.428,0.572,2,0.0,0.03
2328007,2.1000000000000005,1.6599999999999995,2,0.508,0.492,1,0.01,0.0
2331976,3.0000000000000027,1.3300000000000005,2,0.43,0.57,2,0.01,0.0
2324764,1.4999999999999993,2.5,2,0.546,0.454,1,0.0,0.01
2318614,3.249999999999997,1.3300000000000005,2,0.236,0.764,2,0.0,0.0
2328417,2.370000000000001,1.5300000000000002,2,0.528,0.472,1,0.02,0.0
2314416,1.440000000000001,2.62,1,0.6,0.4,1,0.0,0.0
2319438,1.6599999999999995,2.1000000000000005,1,0.502,0.498,1,0.0,0.0
2327794,1.6599999999999995,2.1000000000000005,1,0.622,0.378,1,0.0,0.0
2315900,2.5,1.4999999999999993,2,0.348,0.652,2,0.0,0.0
2314044,1.5300000000000002,2.370000000000001,1,0.544,0.456,1,0.0,0.01
2316702,1.7200000000000009,2.0,2,0.506,0.494,1,0.0,0.0
2335633,1.8300000000000003,1.8300000000000003,2,0.398,0.602,2,0.0,0.01
2328794,2.370000000000001,1.5300000000000002,1,0.396,0.604,2,0.0,0.0
2325737,1.08,6.999999999999992,2,0.756,0.244,1,0.0,0.01
2320993,4.330000000000002,1.2000000000000004,2,0.312,0.688,2,0.01,0.0
2332303,1.5300000000000002,2.370000000000001,2,0.732,0.268,1,0.02,0.0
2335243,1.5300000000000002,2.370000000000001,2,0.708,0.292,1,0.02,0.0
2329495,1.22,4.0,1,0.712,0.288,1,0.0,0.01
2327798,1.5300000000000002,2.370000000000001,1,0.726,0.274,1,0.02,0.0
2323145,4.0,1.22,2,0.248,0.752,2,0.0,0.0
2320782,1.3000000000000005,3.3999999999999946,2,0.776,0.224,1,0.0,0.0
2327256,3.0000000000000027,1.3599999999999994,2,0.388,0.612,2,0.01,0.0
2316795,1.3300000000000005,3.249999999999997,1,0.66,0.34,1,0.0,0.0
2336319,2.5,1.4999999999999993,1,0.436,0.564,2,0.01,0.0
2341714,1.5699999999999992,2.250000000000002,1,0.452,0.548,2,0.0,0.02
2328116,2.62,1.440000000000001,2,0.26,0.74,2,0.0,0.01
2341059,1.440000000000001,2.62,1,0.612,0.388,1,0.0,0.0
2323710,2.370000000000001,1.5300000000000002,1,0.34,0.66,2,0.0,0.0
2335548,1.1199999999999999,5.499999999999994,1,0.798,0.202,1,0.0,0.0
2340074,1.3300000000000005,3.249999999999997,1,0.914,0.086,1,0.07,0.0
2331260,1.3300000000000005,3.249999999999997,1,0.754,0.246,1,0.0,0.0
2321398,1.440000000000001,2.62,1,0.464,0.536,2,0.0,0.02
2342086,1.8300000000000003,1.8300000000000003,2,0.47,0.53,2,0.0,0.0
2315348,2.0,1.7200000000000009,1,0.368,0.632,2,0.0,0.01
2319909,2.1999999999999975,1.6100000000000008,2,0.564,0.436,1,0.02,0.0
2332048,2.0,1.7200000000000009,1,0.52,0.48,1,0.0,0.0
2347940,2.250000000000002,1.5699999999999992,2,0.316,0.684,2,0.0,0.01
2320725,1.25,3.7499999999999956,1,0.612,0.388,1,0.0,0.02
2344719,2.1000000000000005,1.6599999999999995,2,0.46,0.54,2,0.0,0.0
2317271,2.0,1.7200000000000009,2,0.326,0.674,2,0.0,0.02
2331587,2.250000000000002,1.5699999999999992,1,0.414,0.586,2,0.0,0.0
2315434,2.749999999999997,1.4000000000000001,1,0.28,0.72,2,0.0,0.0
2346510,2.62,1.440000000000001,1,0.376,0.624,2,0.0,0.0
2319529,2.5,1.4999999999999993,2,0.57,0.43,1,0.03,0.0
2338055,5.499999999999994,1.1199999999999999,2,0.12,0.88,2,0.0,0.0
2323194,1.7200000000000009,2.0,2,0.474,0.526,2,0.0,0.01
2345615,2.749999999999997,1.4000000000000001,2,0.288,0.712,2,0.0,0.0
2336685,3.7499999999999956,1.25,2,0.348,0.652,2,0.01,0.0
2337883,5.0,1.1400000000000003,2,0.284,0.716,2,0.01,0.0
2346930,1.3599999999999994,3.0000000000000027,2,0.546,0.454,1,0.0,0.02
2320587,1.1400000000000003,5.0,2,0.834,0.166,1,0.0,0.0
2326202,1.3000000000000005,3.3999999999999946,2,0.566,0.434,1,0.0,0.02
2327118,1.6599999999999995,2.1000000000000005,2,0.474,0.526,2,0.0,0.01
2323839,1.1600000000000006,4.500000000000004,2,0.712,0.288,1,0.0,0.01
2337452,2.749999999999997,1.4000000000000001,1,0.61,0.39,1,0.04,0.0
2320984,1.440000000000001,2.62,1,0.496,0.504,2,0.0,0.02
2318937,2.5,1.4999999999999993,1,0.562,0.438,1,0.03,0.0
2319685,2.5,1.4999999999999993,2,0.396,0.604,2,0.0,0.0
2334540,1.1199999999999999,5.499999999999994,1,0.884,0.116,1,0.0,0.0
2329718,1.22,4.0,1,0.456,0.544,2,0.0,0.04
2331804,2.1000000000000005,1.6599999999999995,1,0.4,0.6,2,0.0,0.0
2334721,2.1999999999999975,1.6100000000000008,1,0.448,0.552,2,0.0,0.0
2320065,1.8300000000000003,1.8300000000000003,2,0.432,0.568,2,0.0,0.0
2337133,2.1999999999999975,1.6100000000000008,1,0.3346666666666666,0.6653333333333333,2,0.0,0.01
2322800,1.440000000000001,2.62,1,0.446,0.554,2,0.0,0.03
2338263,1.28,3.499999999999996,1,0.806,0.194,1,0.01,0.0
2314048,1.7200000000000009,2.0,2,0.536,0.464,1,0.0,0.0
2328206,4.500000000000004,1.1600000000000006,2,0.352,0.648,2,0.02,0.0
2323799,2.370000000000001,1.5300000000000002,2,0.308,0.692,2,0.0,0.01
2323158,1.6599999999999995,2.1000000000000005,2,0.51,0.49,1,0.0,0.0
2327315,2.62,1.440000000000001,1,0.406,0.594,2,0.0,0.0
2314400,1.2000000000000004,4.330000000000002,2,0.744,0.256,1,0.0,0.0
2346384,1.1400000000000003,5.0,1,0.916,0.084,1,0.03,0.0
2337245,2.0,1.7200000000000009,1,0.422,0.578,2,0.0,0.0
2317649,1.6100000000000008,2.1999999999999975,1,0.702,0.298,1,0.02,0.0
2332825,2.749999999999997,1.4000000000000001,2,0.266,0.734,2,0.0,0.01
2327460,2.749999999999997,1.4000000000000001,2,0.276,0.724,2,0.0,0.0
2327502,1.4000000000000001,2.749999999999997,1,0.754,0.246,1,0.01,0.0
2319984,1.9000000000000008,1.7999999999999985,2,0.48,0.52,2,0.0,0.0
2322540,3.0000000000000027,1.3599999999999994,2,0.362,0.638,2,0.0,0.0
2323200,1.4999999999999993,2.5,1,0.654,0.346,1,0.0,0.0
2332070,1.3599999999999994,3.0000000000000027,1,0.92,0.08,1,0.07,0.0
2325754,1.3300000000000005,3.249999999999997,1,0.736,0.264,1,0.0,0.0
2343177,2.370000000000001,1.5300000000000002,1,0.446,0.554,2,0.0,0.0
2337179,1.8300000000000003,1.8300000000000003,2,0.5,0.5,1,0.0,0.0
2316807,1.5300000000000002,2.370000000000001,1,0.538,0.462,1,0.0,0.01
2324807,1.6100000000000008,2.1999999999999975,1,0.614,0.386,1,0.0,0.0
2344376,1.4999999999999993,2.5,1,0.542,0.458,1,0.0,0.01
2319508,3.249999999999997,1.3300000000000005,2,0.21,0.79,2,0.0,0.02
2342405,1.440000000000001,2.62,1,0.702,0.298,1,0.0,0.0
2339366,2.250000000000002,1.5699999999999992,1,0.376,0.624,2,0.0,0.0
2332758,5.499999999999994,1.1199999999999999,2,0.404,0.596,2,0.03,0.0
2318988,1.3599999999999994,3.0000000000000027,2,0.582,0.418,1,0.0,0.01
2344194,1.5699999999999992,2.250000000000002,1,0.566,0.434,1,0.0,0.0
2314387,1.6100000000000008,2.1999999999999975,2,0.636,0.364,1,0.0,0.0
2314763,1.25,3.7499999999999956,1,0.654,0.346,1,0.0,0.01
2320000,3.249999999999997,1.3300000000000005,1,0.676,0.324,1,0.05,0.0
2336177,1.8300000000000003,1.8300000000000003,1,0.508,0.492,1,0.0,0.0
2319698,2.0,1.7200000000000009,2,0.594,0.406,1,0.02,0.0
2341039,1.6599999999999995,2.1000000000000005,1,0.678,0.322,1,0.02,0.0
2322724,4.500000000000004,1.1600000000000006,1,0.222,0.778,2,0.0,0.0
2315616,2.0,1.7200000000000009,2,0.478,0.522,2,0.0,0.0
2323123,3.0000000000000027,1.3599999999999994,2,0.24,0.76,2,0.0,0.01
2332365,1.1199999999999999,5.499999999999994,1,0.6,0.4,1,0.0,0.03
2328777,1.08,6.999999999999992,1,0.534,0.466,1,0.0,0.04
2332441,2.62,1.440000000000001,2,0.264,0.736,2,0.0,0.01
2327109,1.7200000000000009,2.0,2,0.67,0.33,1,0.02,0.0
